1628249877.405813 0.000048 -0.000186 0.001243 0.008173 -0.003594 0.000070 0.999960
1628249877.505961 0.005420 0.004739 -0.001585 0.008087 -0.003644 0.000186 0.999961
1628249877.606174 0.002364 -0.011326 0.001670 0.008295 -0.003634 0.000451 0.999959
1628249877.706349 -0.001092 -0.013330 0.002248 0.008268 -0.003549 0.000505 0.999959
1628249877.806542 0.000701 -0.006502 0.002454 0.008179 -0.003769 0.000390 0.999959
1628249877.906754 0.003142 -0.002689 0.001649 0.008230 -0.003667 0.000326 0.999959
1628249878.006942 0.005450 -0.001439 0.001760 0.008247 -0.003737 0.000440 0.999959
1628249878.107141 0.004699 -0.002880 0.002035 0.008237 -0.003705 0.000432 0.999959
1628249878.207328 0.005578 -0.001426 0.001889 0.008156 -0.003729 0.000359 0.999960
1628249878.307517 0.001701 -0.000415 0.002557 0.008217 -0.003730 0.000358 0.999959
1628249878.407760 0.004330 -0.001048 0.002749 0.008235 -0.003629 0.000291 0.999959
1628249878.507919 0.007875 -0.002804 0.002968 0.008202 -0.003737 0.000325 0.999959
1628249878.608127 0.005104 -0.000536 0.002513 0.008179 -0.003689 0.000299 0.999960
1628249878.708734 0.002082 -0.000803 0.002920 0.008218 -0.003711 0.000366 0.999959
1628249878.808490 0.004465 -0.003575 0.002697 0.008176 -0.003690 0.000375 0.999960
1628249878.908691 0.006133 -0.004377 0.002007 0.008196 -0.003721 0.000268 0.999959
1628249879.008911 0.007250 -0.003034 0.002240 0.008202 -0.003736 0.000241 0.999959
1628249879.109100 0.007304 -0.005116 0.001854 0.008233 -0.003760 0.000312 0.999959
1628249879.209302 0.007197 -0.003766 0.001986 0.008265 -0.003732 0.000342 0.999959
1628249879.309507 0.005798 -0.002457 0.001907 0.008193 -0.003754 0.000363 0.999959
1628249879.409705 0.005836 -0.001203 0.001536 0.008201 -0.003716 0.000238 0.999959
1628249879.509863 0.006105 0.000369 0.001872 0.008226 -0.003720 0.000281 0.999959
1628249879.610059 0.004072 -0.000627 0.002433 0.008268 -0.003738 0.000309 0.999959
1628249879.710253 0.005290 -0.002141 0.002426 0.008242 -0.003734 0.000356 0.999959
1628249879.810457 0.003855 -0.006319 0.002191 0.008254 -0.003726 0.000417 0.999959
1628249879.910655 0.005897 -0.007214 0.002957 0.008287 -0.003667 0.000290 0.999959
1628249880.010849 0.009190 -0.009893 0.002880 0.008279 -0.003700 0.000336 0.999959
1628249880.111046 0.012378 -0.010073 0.002014 0.008261 -0.003691 0.000270 0.999959
1628249880.211222 0.010877 -0.010899 0.001664 0.008225 -0.003848 0.000333 0.999959
1628249880.311429 0.008414 -0.006633 0.001745 0.008134 -0.003725 0.000314 0.999960
1628249880.411616 0.004245 0.000203 0.002001 0.008243 -0.003698 0.000326 0.999959
1628249880.511807 0.002946 -0.001016 0.002327 0.008329 -0.003687 0.000277 0.999958
1628249880.612042 0.004363 -0.002688 0.001909 0.008234 -0.003751 0.000355 0.999959
1628249880.712228 0.002925 -0.000944 0.001623 0.008179 -0.003753 0.000467 0.999959
1628249880.812414 0.002925 0.000387 0.000999 0.008248 -0.003740 0.000354 0.999959
1628249880.912591 0.002357 0.002053 0.001352 0.008236 -0.003747 0.000261 0.999959
1628249881.012786 0.004587 -0.000037 0.001719 0.008248 -0.003792 0.000299 0.999959
1628249881.112996 0.004866 -0.000361 0.001656 0.008217 -0.003788 0.000298 0.999959
1628249881.213199 0.005004 -0.000170 0.001053 0.008230 -0.003781 0.000288 0.999959
1628249881.313367 0.003574 0.000008 0.001525 0.008263 -0.003727 0.000292 0.999959
1628249881.413615 0.005269 0.002195 0.001289 0.008244 -0.003761 0.000248 0.999959
1628249881.513775 0.003309 0.001841 0.001379 0.008162 -0.003763 0.000346 0.999960
1628249881.613982 -0.001355 0.002561 0.001796 0.008206 -0.003683 0.000294 0.999960
1628249881.714179 -0.005276 0.003466 0.002033 0.008203 -0.003737 0.000339 0.999959
1628249881.814824 -0.001371 -0.000423 0.001294 0.008200 -0.003745 0.000208 0.999959
1628249881.914560 0.001444 0.001576 0.000855 0.008124 -0.003784 0.000325 0.999960
1628249882.014739 0.000575 0.003804 0.000294 0.008156 -0.003809 0.000149 0.999959
1628249882.114981 0.001030 0.005551 0.001263 0.008176 -0.003820 0.000237 0.999959
1628249882.215358 0.000495 0.004348 0.001090 0.008158 -0.003814 0.000308 0.999959
1628249882.315355 0.000723 0.005367 0.000865 0.008161 -0.003741 0.000253 0.999960
1628249882.415601 0.002473 0.004683 0.002110 0.008165 -0.003776 0.000223 0.999960
1628249882.515730 0.002327 0.006837 0.002310 0.008177 -0.003821 0.000348 0.999959
1628249882.615928 0.004367 0.008827 0.001435 0.008146 -0.003853 0.000159 0.999959
1628249882.716187 0.001869 0.006972 0.001251 0.008166 -0.003884 0.000149 0.999959
1628249882.816293 0.002244 0.007772 0.001351 0.008196 -0.003943 0.000217 0.999959
1628249882.916505 0.003154 0.006886 0.001603 0.008199 -0.003857 0.000310 0.999959
1628249883.016908 0.004308 0.005398 0.001613 0.008105 -0.004050 0.000208 0.999959
1628249883.118153 0.006208 0.007243 0.002126 0.008119 -0.004034 0.000231 0.999959
1628249883.217160 0.014124 0.005773 0.003703 0.008124 -0.004303 0.000281 0.999958
1628249883.317309 0.021014 0.004963 0.004639 0.008098 -0.004508 0.000008 0.999957
1628249883.417499 0.033119 0.007115 0.006550 0.008081 -0.004539 -0.000821 0.999957
1628249883.517694 0.047515 0.005524 0.007063 0.008085 -0.004617 -0.002146 0.999954
1628249883.617862 0.065619 0.003051 0.007028 0.008107 -0.004586 -0.003923 0.999949
1628249883.718052 0.085624 0.004329 0.006027 0.008014 -0.004672 -0.006342 0.999937
1628249883.818330 0.108035 0.007282 0.005871 0.007784 -0.004507 -0.009747 0.999912
1628249883.918840 0.138997 0.009010 0.004502 0.007689 -0.004726 -0.014305 0.999857
1628249884.018636 0.168382 0.010811 0.004005 0.007822 -0.004387 -0.019835 0.999763
1628249884.120747 0.199079 0.010282 0.004315 0.008207 -0.004242 -0.027008 0.999593
1628249884.219033 0.231780 0.013580 0.005115 0.008437 -0.004037 -0.034657 0.999355
1628249884.320848 0.269941 0.013665 0.005977 0.008434 -0.003814 -0.043312 0.999019
1628249884.419430 0.308418 0.016543 0.004752 0.008317 -0.003538 -0.052767 0.998566
1628249884.522393 0.349593 0.025638 0.003182 0.008134 -0.003331 -0.062919 0.997980
1628249884.619808 0.390856 0.031636 0.003272 0.008020 -0.003206 -0.072526 0.997329
1628249884.724445 0.430864 0.042488 0.003264 0.008100 -0.002901 -0.083285 0.996489
1628249884.820196 0.463288 0.044796 0.002503 0.008081 -0.002756 -0.092770 0.995651
1628249884.920402 0.501100 0.044892 0.003976 0.008146 -0.002869 -0.103132 0.994630
1628249885.020745 0.538918 0.041542 0.004866 0.008415 -0.002587 -0.113072 0.993548
1628249885.123693 0.576101 0.040739 0.005670 0.008446 -0.002390 -0.123228 0.992340
1628249885.220978 0.609285 0.036445 0.004045 0.007756 -0.002669 -0.131929 0.991225
1628249885.321584 0.645188 0.033070 0.003119 0.006973 -0.002118 -0.140879 0.990000
1628249885.421615 0.666751 0.024719 0.003285 0.006906 -0.002020 -0.148267 0.988921
1628249885.523921 0.700881 0.027065 0.004240 0.007471 -0.001962 -0.157335 0.987515
1628249885.621797 0.732241 0.023388 0.005054 0.007828 -0.001960 -0.165349 0.986202
1628249885.722157 0.768133 0.020592 0.004099 0.007798 -0.002065 -0.173506 0.984800
1628249885.822165 0.801421 0.016772 0.002696 0.007241 -0.001973 -0.181382 0.983384
1628249885.922347 0.833989 0.013988 0.003534 0.006762 -0.001946 -0.189422 0.981871
1628249886.022571 0.864272 0.012711 0.004525 0.006822 -0.001571 -0.197414 0.980295
1628249886.122745 0.892864 0.006127 0.004085 0.007054 -0.001228 -0.205817 0.978564
1628249886.222961 0.924560 -0.002189 0.004199 0.006838 -0.001462 -0.214409 0.976719
1628249886.323130 0.959266 -0.008639 0.003466 0.006737 -0.001217 -0.223675 0.974640
1628249886.423264 0.989701 -0.026948 0.004103 0.006868 -0.001178 -0.232621 0.972543
1628249886.523470 1.025309 -0.034687 0.004945 0.006867 -0.001665 -0.243648 0.969838
1628249886.623518 1.065497 -0.049193 0.007314 0.007195 -0.001645 -0.254671 0.967000
1628249886.724029 1.108190 -0.062693 0.009486 0.007505 -0.001406 -0.266448 0.963819
1628249886.824079 1.153743 -0.080312 0.007732 0.007061 -0.001773 -0.278978 0.960270
1628249886.923690 1.205912 -0.094967 0.004485 0.006594 -0.001789 -0.292168 0.956343
1628249887.024500 1.258200 -0.114197 0.003640 0.006247 -0.001327 -0.305885 0.952047
1628249887.124803 1.317260 -0.138634 0.004705 0.006344 -0.001311 -0.320948 0.947075
1628249887.224882 1.374190 -0.165723 0.006207 0.006185 -0.001374 -0.335913 0.941872
1628249887.325241 1.428729 -0.208679 0.004617 0.005902 -0.000578 -0.351434 0.936194
1628249887.426180 1.487086 -0.243472 0.004292 0.005131 -0.000016 -0.367678 0.929939
1628249887.525501 1.546002 -0.277976 0.002294 0.005527 -0.000090 -0.382414 0.923974
1628249887.625645 1.606216 -0.320610 0.002451 0.006449 0.000085 -0.396464 0.918028
1628249887.725874 1.664261 -0.370384 0.001545 0.006736 0.000186 -0.410340 0.911908
1628249887.826063 1.723769 -0.416361 0.001227 0.006066 0.000596 -0.423697 0.905783
1628249887.926322 1.774821 -0.461182 0.000807 0.005266 0.001344 -0.437119 0.899387
1628249888.026475 1.824909 -0.507901 -0.002419 0.005590 0.001967 -0.445998 0.895015
1628249888.126639 1.867208 -0.561781 -0.004590 0.006352 0.002886 -0.451970 0.892006
1628249888.226886 1.913322 -0.619137 -0.007108 0.007673 0.003267 -0.456428 0.889721
1628249888.327094 1.948926 -0.671244 -0.011104 0.008502 0.002529 -0.459838 0.887959
1628249888.427483 1.983584 -0.728734 -0.008058 0.008934 0.003301 -0.463219 0.886193
1628249888.527442 2.021080 -0.781184 -0.009323 0.009000 0.004312 -0.465807 0.884830
1628249888.627624 2.061046 -0.827755 -0.011428 0.008546 0.004508 -0.468264 0.883536
1628249888.727844 2.099019 -0.868053 -0.010671 0.009212 0.004338 -0.470472 0.882356
1628249888.828164 2.136541 -0.917793 -0.007135 0.009492 0.004738 -0.472886 0.881060
1628249888.928261 2.172106 -0.963606 -0.005299 0.009896 0.005253 -0.475182 0.879816
1628249889.028442 2.199869 -1.008380 -0.008283 0.009598 0.004983 -0.477265 0.878693
1628249889.128587 2.226662 -1.049054 -0.010000 0.009800 0.004245 -0.478954 0.877775
1628249889.228780 2.253190 -1.091522 -0.013270 0.010945 0.003489 -0.481221 0.876524
1628249889.328980 2.282240 -1.136851 -0.016581 0.011186 0.003506 -0.483372 0.875337
1628249889.429170 2.311779 -1.177393 -0.017649 0.010164 0.003525 -0.485438 0.874205
1628249889.529386 2.342673 -1.215437 -0.014927 0.009382 0.003696 -0.487202 0.873231
1628249889.629565 2.366587 -1.252696 -0.015096 0.009316 0.003134 -0.489204 0.872114
1628249889.729799 2.393963 -1.293172 -0.015682 0.009768 0.002716 -0.491436 0.870855
1628249889.829950 2.422084 -1.336981 -0.017626 0.010092 0.002738 -0.494009 0.869394
1628249889.930170 2.448462 -1.380712 -0.019733 0.009663 0.003032 -0.496098 0.868208
1628249890.030345 2.480438 -1.424035 -0.019998 0.009362 0.003165 -0.498565 0.866796
1628249890.130536 2.505283 -1.464191 -0.020790 0.009439 0.003022 -0.501124 0.865319
1628249890.230733 2.531172 -1.509408 -0.021006 0.010176 0.002691 -0.504525 0.863333
1628249890.331084 2.558733 -1.555284 -0.021355 0.010204 0.002677 -0.508270 0.861133
1628249890.431312 2.592347 -1.602043 -0.022056 0.009525 0.002759 -0.512191 0.858814
1628249890.531309 2.620235 -1.647400 -0.023269 0.009176 0.002879 -0.516036 0.856513
1628249890.631518 2.651200 -1.698076 -0.022899 0.009195 0.002969 -0.520096 0.854053
1628249890.731721 2.676496 -1.742006 -0.023001 0.009604 0.002965 -0.524034 0.851638
1628249890.831913 2.704921 -1.790385 -0.025626 0.010053 0.003101 -0.528160 0.849080
1628249890.932129 2.742281 -1.845724 -0.028033 0.009619 0.003370 -0.531842 0.846782
1628249891.032305 2.772912 -1.895815 -0.028376 0.009511 0.003504 -0.534862 0.844879
1628249891.132526 2.804116 -1.945963 -0.030598 0.010008 0.002976 -0.538107 0.842812
1628249891.232692 2.830362 -1.997323 -0.030860 0.009887 0.003077 -0.540587 0.841224
1628249891.332903 2.855523 -2.050678 -0.031356 0.009358 0.003064 -0.543441 0.839389
1628249891.433079 2.880063 -2.100029 -0.031896 0.009375 0.003160 -0.546022 0.837712
1628249891.533285 2.907859 -2.150755 -0.033499 0.009673 0.002809 -0.548658 0.835986
1628249891.633466 2.929833 -2.206058 -0.034661 0.010304 0.002374 -0.551521 0.834094
1628249891.733661 2.945712 -2.262020 -0.036555 0.010516 0.002651 -0.553659 0.832673
1628249891.833863 2.973448 -2.315949 -0.037113 0.010111 0.002745 -0.556515 0.830771
1628249891.934817 3.001617 -2.373068 -0.038774 0.010326 0.002273 -0.559112 0.829025
1628249892.034363 3.025241 -2.430899 -0.039421 0.010556 0.002123 -0.561682 0.827283
1628249892.134542 3.050797 -2.487429 -0.039271 0.010388 0.001981 -0.564651 0.825262
1628249892.234966 3.078899 -2.547938 -0.040379 0.010099 0.001919 -0.567492 0.823315
1628249892.334950 3.102152 -2.609577 -0.041830 0.010127 0.001695 -0.570628 0.821144
1628249892.435024 3.128988 -2.676321 -0.041545 0.010329 0.001880 -0.573898 0.818859
1628249892.537668 3.153940 -2.743524 -0.043929 0.010839 0.002009 -0.577052 0.816633
1628249892.635653 3.184670 -2.812600 -0.048030 0.011105 0.001454 -0.579995 0.814543
1628249892.735619 3.213167 -2.877127 -0.049293 0.011522 0.001065 -0.583352 0.812137
1628249892.835973 3.241124 -2.941632 -0.050163 0.011171 0.000781 -0.587088 0.809445
1628249892.936003 3.268710 -3.007593 -0.050066 0.011091 0.000843 -0.590386 0.807045
1628249893.036210 3.300667 -3.073106 -0.049188 0.011418 0.000569 -0.594215 0.804225
1628249893.136514 3.321801 -3.140664 -0.051163 0.011598 0.000978 -0.597536 0.801758
1628249893.236915 3.347472 -3.212243 -0.054082 0.012218 0.001764 -0.600847 0.799269
1628249893.336872 3.365238 -3.281498 -0.057449 0.012125 0.001609 -0.603842 0.797010
1628249893.436976 3.386751 -3.350028 -0.056970 0.011937 0.001419 -0.606700 0.794840
1628249893.537169 3.407956 -3.413262 -0.056788 0.012206 0.001502 -0.609469 0.792715
1628249893.637376 3.430295 -3.480725 -0.057807 0.012414 0.001634 -0.611942 0.790803
1628249893.737572 3.450261 -3.551312 -0.059068 0.012761 0.001075 -0.614631 0.788711
1628249893.837754 3.468766 -3.620357 -0.059177 0.013501 0.001007 -0.616823 0.786985
1628249893.937948 3.489882 -3.686650 -0.061564 0.013537 0.001970 -0.618586 0.785598
1628249894.038149 3.512203 -3.753989 -0.064207 0.011982 0.001802 -0.619478 0.784920
1628249894.138360 3.532853 -3.820472 -0.063755 0.010959 0.001650 -0.620183 0.784379
1628249894.238551 3.548770 -3.889509 -0.066240 0.010976 0.001736 -0.619029 0.785289
1628249894.338758 3.566488 -3.961086 -0.068768 0.010804 0.000928 -0.613091 0.789938
1628249894.438932 3.583389 -4.034300 -0.069516 0.010544 0.000035 -0.606558 0.794970
1628249894.539122 3.598130 -4.107180 -0.069346 0.010551 -0.000388 -0.597698 0.801652
1628249894.639308 3.610501 -4.180891 -0.067860 0.011126 0.000432 -0.589905 0.807396
1628249894.739684 3.627863 -4.255631 -0.070046 0.010490 0.000975 -0.579799 0.814692
1628249894.839733 3.644726 -4.327422 -0.073071 0.008951 0.000470 -0.570269 0.821409
1628249894.939913 3.668445 -4.396553 -0.076369 0.008347 0.000659 -0.559967 0.828472
1628249895.040100 3.688845 -4.467360 -0.078309 0.008437 0.000954 -0.549970 0.835141
1628249895.140304 3.706988 -4.539095 -0.076976 0.008247 0.000602 -0.539154 0.842166
1628249895.240501 3.732636 -4.611441 -0.076422 0.008215 0.001264 -0.528712 0.848761
1628249895.340718 3.759515 -4.682488 -0.076749 0.006991 0.000491 -0.517191 0.855842
1628249895.440878 3.791236 -4.752758 -0.077780 0.005890 -0.000437 -0.505813 0.862623
1628249895.541087 3.824061 -4.822966 -0.079078 0.005736 -0.000778 -0.494505 0.869155
1628249895.641263 3.857773 -4.898511 -0.079503 0.005096 -0.001701 -0.482841 0.875692
1628249895.741454 3.896668 -4.970226 -0.080360 0.004911 -0.001339 -0.471332 0.881941
1628249895.841661 3.936945 -5.042788 -0.081743 0.004547 -0.001017 -0.460128 0.887841
1628249895.941868 3.983718 -5.114372 -0.083396 0.003859 -0.001892 -0.449917 0.893060
1628249896.042048 4.031805 -5.184872 -0.083645 0.003693 -0.000914 -0.441317 0.897343
1628249896.142235 4.078380 -5.255369 -0.085257 0.003943 -0.000853 -0.434601 0.900614
1628249896.242492 4.123747 -5.320438 -0.086201 0.004454 -0.001578 -0.427486 0.904010
1628249896.342644 4.173370 -5.389479 -0.090626 0.005963 -0.000031 -0.421209 0.906944
1628249896.442825 4.221211 -5.456039 -0.092539 0.006206 -0.000556 -0.414101 0.910210
1628249896.543039 4.269527 -5.517518 -0.089055 0.005475 -0.001119 -0.407086 0.913373
1628249896.643260 4.323217 -5.582766 -0.088176 0.004884 -0.000075 -0.400880 0.916118
1628249896.743406 4.376375 -5.639388 -0.088476 0.004021 -0.000948 -0.394347 0.918952
1628249896.843628 4.426137 -5.700378 -0.085742 0.004687 -0.001105 -0.388173 0.921574
1628249896.943793 4.484554 -5.761173 -0.089223 0.005889 -0.000669 -0.382285 0.924026
1628249897.044005 4.540808 -5.825114 -0.092159 0.006458 -0.003399 -0.375852 0.926651
1628249897.144190 4.600630 -5.890618 -0.091025 0.006691 -0.003523 -0.369710 0.929116
1628249897.244385 4.662000 -5.951120 -0.088945 0.006643 -0.002107 -0.364082 0.931341
1628249897.344587 4.723746 -6.009303 -0.091206 0.005466 -0.002977 -0.358027 0.933691
1628249897.444809 4.785229 -6.064052 -0.091415 0.005355 -0.002645 -0.351752 0.936074
1628249897.544976 4.844476 -6.118928 -0.094066 0.006386 -0.002827 -0.345445 0.938413
1628249897.645188 4.903250 -6.179805 -0.093189 0.007438 -0.004350 -0.339397 0.940604
1628249897.745377 4.967586 -6.238690 -0.091873 0.008005 -0.004168 -0.334450 0.942370
1628249897.845575 5.033279 -6.297561 -0.092690 0.007869 -0.004135 -0.329701 0.944043
1628249897.945767 5.098782 -6.351576 -0.090861 0.007198 -0.004394 -0.326471 0.945170
1628249898.045965 5.166547 -6.403936 -0.091070 0.007457 -0.004064 -0.324692 0.945782
1628249898.146158 5.240643 -6.456361 -0.092683 0.008198 -0.004203 -0.324487 0.945845
1628249898.246339 5.315088 -6.513372 -0.093521 0.009165 -0.004730 -0.325575 0.945460
1628249898.346550 5.389069 -6.568351 -0.094707 0.009254 -0.004309 -0.327491 0.944799
1628249898.446728 5.467518 -6.623177 -0.094950 0.008659 -0.003657 -0.329977 0.943942
1628249898.547783 5.538648 -6.677132 -0.097238 0.008861 -0.002943 -0.332618 0.943015
1628249898.647216 5.611783 -6.735791 -0.096205 0.010147 -0.003135 -0.335517 0.941974
1628249898.747314 5.681966 -6.794874 -0.096822 0.011146 -0.003723 -0.338670 0.940832
1628249898.847522 5.751083 -6.850205 -0.095458 0.011380 -0.003391 -0.342189 0.939556
1628249898.947718 5.816905 -6.900737 -0.094884 0.011104 -0.002812 -0.345810 0.938234
1628249899.047943 5.886315 -6.950663 -0.092382 0.010791 -0.002405 -0.349729 0.936786
1628249899.148097 5.950895 -7.000479 -0.093115 0.011168 -0.001921 -0.352357 0.935797
1628249899.248464 6.009506 -7.052122 -0.096752 0.011997 -0.002994 -0.355003 0.934783
1628249899.348519 6.062388 -7.096038 -0.097786 0.012836 -0.003524 -0.357455 0.933835
1628249899.448688 6.120770 -7.144338 -0.096289 0.013292 -0.002442 -0.359420 0.933078
1628249899.548890 6.180302 -7.189591 -0.095351 0.012982 -0.002561 -0.361409 0.932314
1628249899.649167 6.237865 -7.236385 -0.093798 0.012752 -0.002611 -0.363238 0.931605
1628249899.749270 6.289476 -7.283544 -0.093198 0.013268 -0.001834 -0.364964 0.930925
1628249899.849482 6.337467 -7.330634 -0.094698 0.013898 -0.001867 -0.366448 0.930333
1628249899.949658 6.380543 -7.373902 -0.095719 0.014264 -0.002945 -0.368110 0.929668
1628249900.049956 6.423527 -7.412262 -0.095329 0.014238 -0.002874 -0.369837 0.928983
1628249900.150051 6.472457 -7.450773 -0.093644 0.014202 -0.001844 -0.370833 0.928589
1628249900.250239 6.513902 -7.489334 -0.094981 0.013378 -0.002181 -0.372661 0.927869
1628249900.350430 6.555555 -7.526334 -0.095101 0.013485 -0.002894 -0.374220 0.927237
1628249900.450649 6.600689 -7.562721 -0.095342 0.013756 -0.002284 -0.376020 0.926507
1628249900.550889 6.641717 -7.599789 -0.096682 0.013733 -0.002267 -0.377221 0.926019
1628249900.651034 6.682971 -7.636579 -0.097010 0.013582 -0.002387 -0.378549 0.925479
1628249900.751342 6.726757 -7.677065 -0.100263 0.013926 -0.003185 -0.379917 0.924910
1628249900.851408 6.770846 -7.719209 -0.101304 0.013952 -0.003438 -0.381276 0.924350
1628249900.951602 6.821785 -7.766683 -0.100415 0.013713 -0.002517 -0.382721 0.923759
1628249901.051813 6.870331 -7.812368 -0.101082 0.013300 -0.002784 -0.384203 0.923149
1628249901.151995 6.924850 -7.865923 -0.099204 0.012852 -0.003406 -0.385765 0.922501
1628249901.252213 6.977693 -7.918734 -0.096905 0.012914 -0.002257 -0.387612 0.921729
1628249901.352403 7.036276 -7.974559 -0.099746 0.013043 -0.001595 -0.388726 0.921260
1628249901.452582 7.094903 -8.034616 -0.103793 0.013357 -0.002755 -0.390327 0.920575
1628249901.552809 7.154013 -8.092505 -0.105010 0.013640 -0.002342 -0.392079 0.919827
1628249901.652967 7.220936 -8.156159 -0.104892 0.013329 -0.001395 -0.393791 0.919102
1628249901.753171 7.292072 -8.225371 -0.104770 0.012553 -0.001193 -0.395257 0.918484
1628249901.853356 7.362487 -8.292468 -0.103146 0.013209 -0.000283 -0.397148 0.917660
1628249901.953549 7.427205 -8.363050 -0.107830 0.013298 -0.000789 -0.398869 0.916911
1628249902.053762 7.499161 -8.438186 -0.109123 0.013429 -0.001820 -0.400872 0.916034
1628249902.153951 7.569120 -8.510973 -0.110319 0.013535 -0.000831 -0.402735 0.915216
1628249902.254161 7.639974 -8.582967 -0.110650 0.012451 -0.000694 -0.404776 0.914331
1628249902.354344 7.712205 -8.659182 -0.113568 0.011812 -0.001324 -0.406471 0.913586
1628249902.454715 7.787134 -8.740047 -0.117325 0.011447 -0.004353 -0.408025 0.912889
1628249902.554754 7.858382 -8.821096 -0.118327 0.009264 -0.009189 -0.409361 0.912279
1628249902.655006 7.937150 -8.898454 -0.117138 0.007738 -0.011222 -0.411216 0.911436
1628249902.755117 8.013065 -8.977804 -0.115522 0.007728 -0.009344 -0.412794 0.910744
1628249902.855333 8.085619 -9.056040 -0.117571 0.007558 -0.009603 -0.413253 0.910534
1628249902.955523 8.157546 -9.137663 -0.115255 0.010287 -0.006361 -0.414690 0.909882
1628249903.055722 8.229567 -9.216403 -0.109064 0.014475 0.003883 -0.416584 0.908974
1628249903.155897 8.304186 -9.299390 -0.111196 0.014654 0.010610 -0.417123 0.908670
1628249903.256263 8.384707 -9.383643 -0.106446 0.015670 0.017899 -0.418113 0.908083
1628249903.356687 8.463419 -9.476681 -0.108140 0.019200 0.029311 -0.419346 0.907150
1628249903.456507 8.538985 -9.568786 -0.118917 0.020184 0.030606 -0.419760 0.906894
1628249903.556688 8.618445 -9.656708 -0.130797 0.015361 0.020290 -0.420500 0.906936
1628249903.657106 8.698210 -9.738015 -0.140242 0.009542 0.007672 -0.422492 0.906284
1628249903.757178 8.767562 -9.820463 -0.182082 0.001375 -0.006312 -0.422878 0.906164
1628249903.857267 8.848575 -9.906907 -0.187162 -0.005160 -0.026276 -0.422519 0.905959
1628249903.957473 8.928695 -9.984556 -0.171329 -0.006752 -0.031045 -0.421034 0.906488
1628249904.057684 9.004192 -10.086065 -0.141439 -0.001053 -0.017325 -0.419508 0.907586
1628249904.157996 9.073604 -10.182770 -0.132868 0.006058 -0.004290 -0.417229 0.908771
1628249904.258185 9.143647 -10.275364 -0.130961 0.009672 -0.002077 -0.413724 0.910348
1628249904.358251 9.212525 -10.365106 -0.119368 0.016086 0.004435 -0.410598 0.911664
1628249904.458486 9.279842 -10.446215 -0.124669 0.020777 0.008443 -0.411158 0.911288
1628249904.558643 9.346755 -10.523531 -0.152752 0.018450 0.001819 -0.409031 0.912332
1628249904.660355 9.428578 -10.608534 -0.158491 0.014973 -0.005287 -0.408291 0.912714
1628249904.761676 9.517821 -10.694087 -0.148495 0.014141 -0.003016 -0.407223 0.913214
1628249904.859496 9.597803 -10.777976 -0.137200 0.013369 -0.001251 -0.406070 0.913743
1628249904.960287 9.683807 -10.869829 -0.139745 0.012755 -0.001791 -0.404220 0.914571
1628249905.060535 9.765572 -10.958868 -0.143828 0.013370 -0.002463 -0.402782 0.915195
1628249905.159407 9.844304 -11.042583 -0.147170 0.014051 -0.002000 -0.401219 0.915872
1628249905.259221 9.923938 -11.129795 -0.148739 0.012812 -0.002576 -0.400018 0.916414
1628249905.359238 10.002566 -11.215912 -0.149644 0.011941 -0.003045 -0.398311 0.917168
1628249905.459161 10.088213 -11.306143 -0.152762 0.011675 -0.004155 -0.396159 0.918098
1628249905.561726 10.179184 -11.396644 -0.153774 0.011403 -0.005421 -0.394855 0.918657
1628249905.660786 10.266489 -11.489976 -0.152935 0.009843 -0.006484 -0.393176 0.919388
1628249905.760966 10.358552 -11.579968 -0.154703 0.009684 -0.005697 -0.390874 0.920375
1628249905.861207 10.454452 -11.679230 -0.154456 0.009469 -0.005562 -0.388346 0.921448
1628249905.961340 10.554486 -11.781293 -0.154038 0.009468 -0.005811 -0.386661 0.922155
1628249906.061546 10.661667 -11.887324 -0.149779 0.009358 -0.004211 -0.384678 0.922994
1628249906.161748 10.768862 -11.994764 -0.150702 0.008054 -0.004395 -0.382060 0.924092
1628249906.262025 10.880813 -12.099945 -0.157590 0.007676 -0.006009 -0.379356 0.925200
1628249906.362175 10.993216 -12.214256 -0.154972 0.007498 -0.005326 -0.377643 0.925906
1628249906.462361 11.112396 -12.327121 -0.159553 0.008288 -0.005949 -0.374607 0.927128
1628249906.563109 11.228313 -12.441996 -0.153354 0.006663 -0.010327 -0.372449 0.927971
1628249906.662769 11.346299 -12.555346 -0.151717 0.005073 -0.013064 -0.370030 0.928914
1628249906.762927 11.469605 -12.665223 -0.149559 0.005805 -0.010467 -0.367685 0.929873
1628249906.863221 11.593859 -12.782155 -0.144483 0.008740 -0.002450 -0.365527 0.930757
1628249906.965653 11.721584 -12.900087 -0.134454 0.010253 0.004858 -0.363169 0.931654
1628249907.063500 11.837560 -13.007729 -0.146502 0.012048 0.005393 -0.360178 0.932790
1628249907.163695 11.963770 -13.118172 -0.159573 0.011243 0.000706 -0.357381 0.933891
1628249907.263899 12.093774 -13.233323 -0.166226 0.010926 -0.002343 -0.354695 0.934915
1628249907.364091 12.222877 -13.354413 -0.163334 0.011873 -0.002125 -0.350667 0.936423
1628249907.464308 12.359700 -13.473907 -0.162254 0.011817 -0.003776 -0.348224 0.937329
1628249907.564499 12.501698 -13.598493 -0.165754 0.011782 -0.004495 -0.345227 0.938434
1628249907.664670 12.644326 -13.720608 -0.168925 0.011624 -0.005144 -0.341980 0.939621
1628249907.764895 12.785288 -13.837768 -0.169926 0.010792 -0.006050 -0.339083 0.940675
1628249907.865076 12.920570 -13.950252 -0.168567 0.011451 -0.005753 -0.336278 0.941676
1628249907.965261 13.066972 -14.062470 -0.171729 0.011931 -0.005807 -0.334932 0.942149
1628249908.065472 13.196878 -14.165489 -0.167797 0.011585 -0.004690 -0.333469 0.942678
1628249908.165657 13.326673 -14.274650 -0.166871 0.011610 -0.004457 -0.331809 0.943265
1628249908.265861 13.469087 -14.389951 -0.168359 0.010681 -0.005683 -0.331203 0.943482
1628249908.366088 13.626570 -14.511137 -0.169147 0.009718 -0.006188 -0.330126 0.943867
1628249908.466238 13.782069 -14.632994 -0.167975 0.008440 -0.007276 -0.328855 0.944315
1628249908.566432 13.938270 -14.756026 -0.164539 0.008569 -0.006180 -0.328061 0.944597
1628249908.666677 14.083458 -14.870410 -0.160316 0.009154 -0.003590 -0.326753 0.945059
1628249908.766839 14.235538 -14.986561 -0.161939 0.008935 -0.001628 -0.326172 0.945267
1628249908.867142 14.386794 -15.104180 -0.161477 0.008653 -0.000400 -0.325708 0.945431
1628249908.967214 14.540732 -15.225889 -0.166908 0.008456 -0.000381 -0.325466 0.945516
1628249909.067402 14.701538 -15.347861 -0.170203 0.007992 0.000191 -0.325839 0.945391
1628249909.167625 14.858094 -15.459501 -0.177140 0.007817 0.000863 -0.325923 0.945364
1628249909.267919 15.012503 -15.567660 -0.182743 0.006155 0.000280 -0.326588 0.945147
1628249909.368013 15.164782 -15.677607 -0.180077 0.005560 0.000438 -0.327527 0.944825
1628249909.468402 15.326979 -15.795464 -0.173878 0.004593 -0.000113 -0.330341 0.943850
1628249909.568507 15.487743 -15.913183 -0.176682 0.003066 -0.002947 -0.335317 0.942096
1628249909.668579 15.646954 -16.031835 -0.183382 0.001059 -0.005757 -0.342727 0.939417
1628249909.768785 15.807876 -16.150758 -0.177663 0.000409 -0.003368 -0.352731 0.935719
1628249909.868982 15.969607 -16.274492 -0.171225 0.000905 0.001480 -0.361609 0.932328
1628249909.969166 16.123235 -16.405185 -0.168337 0.001263 0.002340 -0.370539 0.928813
1628249910.072796 16.273586 -16.541842 -0.171964 0.002500 0.002216 -0.380812 0.924646
1628249910.169554 16.411285 -16.664362 -0.165901 0.004024 0.004394 -0.389469 0.921020
1628249910.269757 16.556036 -16.796679 -0.169564 0.003740 0.008807 -0.398127 0.917280
1628249910.369960 16.691655 -16.928934 -0.181426 0.002998 0.008895 -0.403940 0.914737
1628249910.473026 16.826872 -17.064529 -0.189391 0.001592 0.005061 -0.411895 0.911216
1628249910.570318 16.956778 -17.181417 -0.202698 -0.000806 0.002946 -0.418536 0.908195
1628249910.670522 17.088923 -17.326996 -0.202872 -0.001034 0.002846 -0.424540 0.905404
1628249910.770737 17.217817 -17.477469 -0.200378 -0.001080 0.002537 -0.431031 0.902333
1628249910.870926 17.349460 -17.633360 -0.201155 0.000026 0.002288 -0.436539 0.899683
1628249910.971202 17.483077 -17.791689 -0.201052 0.001398 0.002691 -0.442212 0.896906
1628249911.071306 17.609692 -17.949016 -0.198917 0.000899 0.002808 -0.447821 0.894118
1628249911.171506 17.728803 -18.092980 -0.201888 0.001690 0.001858 -0.452507 0.891757
1628249911.272052 17.850590 -18.241153 -0.202218 0.001708 0.000746 -0.456149 0.889901
1628249911.371892 17.950314 -18.393787 -0.204908 0.002387 -0.000145 -0.452848 0.891585
1628249911.472094 18.052293 -18.564975 -0.208019 0.004318 -0.001734 -0.442354 0.896828
1628249911.572289 18.163512 -18.736915 -0.207595 0.006315 -0.002784 -0.430347 0.902637
1628249911.672474 18.288129 -18.900783 -0.205984 0.008914 -0.003009 -0.415901 0.909361
1628249911.772688 18.421193 -19.064940 -0.207411 0.010523 -0.003466 -0.401340 0.915862
1628249911.872861 18.558206 -19.222016 -0.208094 0.011065 -0.003765 -0.386049 0.922404
1628249911.973056 18.695864 -19.368669 -0.213331 0.011511 -0.003878 -0.370663 0.928688
1628249912.073252 18.833761 -19.508944 -0.215943 0.012069 -0.003117 -0.357096 0.933985
1628249912.173475 18.980141 -19.643543 -0.216324 0.012766 -0.002386 -0.343358 0.939115
1628249912.273650 19.125938 -19.772380 -0.215502 0.011771 -0.002068 -0.330621 0.943688
1628249912.373861 19.274892 -19.896296 -0.214820 0.012545 -0.001033 -0.319586 0.947474
1628249912.474048 19.429522 -20.016305 -0.214939 0.012458 -0.000870 -0.314501 0.949175
1628249912.574263 19.584668 -20.130253 -0.216399 0.011305 -0.000767 -0.314152 0.949305
1628249912.674476 19.743706 -20.240101 -0.220407 0.010160 -0.000924 -0.316048 0.948689
1628249912.774627 19.907063 -20.352561 -0.219977 0.009480 -0.000693 -0.321313 0.946925
1628249912.874831 20.076411 -20.466463 -0.218938 0.008246 -0.000152 -0.327086 0.944958
1628249912.975035 20.248464 -20.582310 -0.223469 0.007148 -0.000687 -0.334489 0.942372
1628249913.075225 20.416123 -20.697809 -0.222747 0.006404 -0.001264 -0.341307 0.939929
1628249913.175407 20.574242 -20.826115 -0.222654 0.005791 -0.001723 -0.348391 0.937330
1628249913.275615 20.726445 -20.952320 -0.223902 0.004856 -0.001746 -0.355482 0.934669
1628249913.375827 20.883447 -21.082482 -0.225102 0.004459 -0.001492 -0.361922 0.932196
1628249913.475999 21.036837 -21.205560 -0.225775 0.004605 -0.001044 -0.369211 0.929333
1628249913.576243 21.187591 -21.334909 -0.223248 0.005367 0.000327 -0.374311 0.927288
1628249913.676380 21.334109 -21.466091 -0.223933 0.005701 0.000059 -0.378912 0.925415
1628249913.776592 21.477041 -21.593870 -0.226235 0.005981 -0.000226 -0.382739 0.923837
1628249913.876770 21.617696 -21.726209 -0.226634 0.006779 0.000223 -0.386757 0.922157
1628249913.977018 21.756342 -21.863822 -0.228026 0.007074 -0.000016 -0.391307 0.920233
1628249914.077196 21.897478 -22.001738 -0.230672 0.006605 -0.000677 -0.394883 0.918708
1628249914.177356 22.039393 -22.144035 -0.234078 0.006014 -0.001981 -0.398859 0.916990
1628249914.277575 22.175613 -22.283074 -0.234444 0.005940 -0.002043 -0.402635 0.915339
1628249914.377740 22.307951 -22.421701 -0.234594 0.006346 -0.001643 -0.405880 0.913903
1628249914.477956 22.441215 -22.558561 -0.235930 0.006570 -0.001926 -0.410080 0.912024
1628249914.579446 22.579532 -22.699301 -0.238200 0.006576 -0.001502 -0.413386 0.910531
1628249914.678398 22.711651 -22.840902 -0.242851 0.006602 -0.001981 -0.417376 0.908708
1628249914.778541 22.838955 -22.982161 -0.243277 0.006831 -0.002256 -0.420798 0.907126
1628249914.879618 22.966271 -23.128158 -0.242830 0.007405 -0.002144 -0.424177 0.905547
1628249914.978995 23.091264 -23.277410 -0.241546 0.007021 -0.002077 -0.427858 0.903816
1628249915.079113 23.223837 -23.428717 -0.244707 0.007778 -0.001570 -0.430029 0.902780
1628249915.179303 23.357733 -23.579860 -0.245983 0.008351 -0.000943 -0.432265 0.901707
1628249915.279495 23.489515 -23.737253 -0.248417 0.009195 -0.000070 -0.435286 0.900245
1628249915.379718 23.620822 -23.896180 -0.247813 0.009119 0.000296 -0.439650 0.898123
1628249915.480536 23.754115 -24.047979 -0.247437 0.008392 -0.000859 -0.446530 0.894729
1628249915.580109 23.879797 -24.203099 -0.251906 0.008175 -0.000978 -0.453116 0.891413
1628249915.680289 24.000824 -24.359791 -0.254746 0.008317 -0.000568 -0.460399 0.887673
1628249915.781900 24.120010 -24.517622 -0.258741 0.008649 -0.000934 -0.466905 0.884265
1628249915.880687 24.231202 -24.669824 -0.261532 0.008814 -0.001318 -0.472033 0.881536
1628249915.980993 24.340513 -24.824765 -0.262696 0.008910 -0.001233 -0.475535 0.879651
1628249916.081161 24.453731 -24.986130 -0.265626 0.009408 -0.001166 -0.477358 0.878658
1628249916.181375 24.563504 -25.147440 -0.266722 0.008431 -0.002173 -0.478611 0.877984
1628249916.281451 24.672531 -25.312309 -0.265292 0.007886 -0.003167 -0.479459 0.877523
1628249916.381662 24.786489 -25.480077 -0.270399 0.008133 -0.002687 -0.479990 0.877232
1628249916.481841 24.899212 -25.644938 -0.272091 0.006840 -0.002804 -0.480624 0.876896
1628249916.582039 25.009401 -25.811019 -0.273990 0.007263 -0.002170 -0.480709 0.876848
1628249916.682264 25.120585 -25.977095 -0.273339 0.006958 -0.000336 -0.481322 0.876516
1628249916.782440 25.224419 -26.141098 -0.273123 0.007113 -0.000778 -0.478126 0.878262
1628249916.882679 25.329924 -26.310063 -0.277356 0.007298 -0.002246 -0.473578 0.880719
1628249916.982829 25.431718 -26.478976 -0.279257 0.007442 -0.002413 -0.468631 0.883360
1628249917.083072 25.543513 -26.647530 -0.276385 0.008929 -0.000931 -0.462236 0.886711
1628249917.183246 25.658332 -26.815356 -0.277054 0.009134 -0.001104 -0.454897 0.890496
1628249917.283406 25.771887 -26.981354 -0.280317 0.009296 -0.001546 -0.447875 0.894046
1628249917.383621 25.882782 -27.138983 -0.280875 0.010173 -0.001507 -0.440480 0.897703
1628249917.483793 26.004794 -27.301205 -0.280790 0.010877 -0.001574 -0.433803 0.900941
1628249917.584107 26.123376 -27.459958 -0.280968 0.010818 -0.001541 -0.426022 0.904647
1628249917.684293 26.248380 -27.610399 -0.283956 0.010513 -0.002241 -0.418412 0.908194
1628249917.784405 26.379945 -27.760393 -0.287618 0.011405 -0.001939 -0.410705 0.911695
1628249917.884586 26.512720 -27.915172 -0.290350 0.011182 -0.002737 -0.402972 0.915140
1628249917.984926 26.635961 -28.065967 -0.288738 0.011038 -0.003962 -0.393420 0.919284
1628249918.085100 26.767271 -28.212109 -0.292533 0.011200 -0.004596 -0.381776 0.924175
1628249918.185166 26.900746 -28.354178 -0.293095 0.011255 -0.004772 -0.370018 0.928944
1628249918.285355 27.034701 -28.497558 -0.296684 0.011652 -0.004676 -0.357481 0.933836
1628249918.385561 27.176222 -28.636482 -0.297705 0.012058 -0.004956 -0.345964 0.938157
1628249918.486000 27.314671 -28.772981 -0.293284 0.012517 -0.004482 -0.334446 0.942321
1628249918.585935 27.461337 -28.907537 -0.289401 0.012755 -0.004838 -0.322055 0.946623
1628249918.686603 27.614366 -29.036237 -0.290031 0.013624 -0.004341 -0.309898 0.950662
1628249918.786346 27.773619 -29.158381 -0.292563 0.014304 -0.003622 -0.296682 0.954862
1628249918.886536 27.942890 -29.280170 -0.293688 0.014022 -0.003140 -0.284075 0.958694
1628249918.986648 28.104640 -29.396187 -0.294913 0.014455 -0.004079 -0.272124 0.962145
1628249919.086924 28.270234 -29.506922 -0.296017 0.013913 -0.006100 -0.262044 0.964936
1628249919.187174 28.443114 -29.609383 -0.295434 0.014430 -0.004944 -0.254905 0.966846
1628249919.287390 28.614750 -29.707159 -0.295436 0.013796 -0.003176 -0.249203 0.968348
1628249919.387279 28.789180 -29.804887 -0.295025 0.013154 -0.002602 -0.245783 0.969232
1628249919.487378 28.968545 -29.897485 -0.297278 0.012470 -0.003367 -0.243619 0.969785
1628249919.587224 29.146240 -29.992840 -0.297939 0.011399 -0.003952 -0.244688 0.969527
1628249919.687220 29.332249 -30.081621 -0.294194 0.010195 -0.002100 -0.249495 0.968320
1628249919.787310 29.515966 -30.169411 -0.294698 0.008724 -0.001420 -0.257240 0.966307
1628249919.887188 29.699702 -30.263230 -0.298759 0.007324 -0.001091 -0.266686 0.963755
1628249919.988692 29.883577 -30.358202 -0.301083 0.006136 -0.000195 -0.276187 0.961084
1628249920.091009 30.061853 -30.455301 -0.301401 0.005155 0.000694 -0.287534 0.957756
1628249920.189214 30.235462 -30.551251 -0.299253 0.005299 0.002121 -0.298376 0.954431
1628249920.289321 30.405141 -30.658732 -0.297902 0.004708 0.002266 -0.310088 0.950693
1628249920.389466 30.574902 -30.773162 -0.301700 0.004090 0.002510 -0.321486 0.946902
1628249920.490265 30.742436 -30.889335 -0.305897 0.003515 0.002201 -0.332666 0.943036
1628249920.589845 30.910037 -31.006126 -0.307616 0.003041 0.002420 -0.344459 0.938793
1628249920.690043 31.075859 -31.127874 -0.307770 0.002816 0.002646 -0.355184 0.934788
1628249920.790238 31.235475 -31.253135 -0.309735 0.002629 0.002927 -0.364799 0.931078
1628249920.890435 31.396035 -31.385435 -0.314149 0.002791 0.003495 -0.372229 0.928130
1628249920.990640 31.548598 -31.527795 -0.312899 0.003412 0.003777 -0.379983 0.924980
1628249921.090817 31.696866 -31.666223 -0.308335 0.003881 0.004396 -0.387419 0.921885
1628249921.191043 31.849377 -31.806972 -0.311380 0.004533 0.004952 -0.394220 0.918992
1628249921.291224 32.000131 -31.946755 -0.312089 0.004304 0.004720 -0.401261 0.915942
1628249921.391413 32.144282 -32.091050 -0.315496 0.005207 0.004839 -0.407822 0.913034
1628249921.491603 32.280238 -32.235937 -0.317897 0.005488 0.004038 -0.415040 0.909778
1628249921.591808 32.410197 -32.381536 -0.323605 0.004804 0.003364 -0.421674 0.906729
1628249921.691983 32.537554 -32.525665 -0.328326 0.004672 0.004183 -0.427892 0.903808
1628249921.797361 32.677420 -32.671300 -0.330632 0.004815 0.005142 -0.434571 0.900610
1628249921.892391 32.797911 -32.801904 -0.332962 0.004584 0.005132 -0.440461 0.897745
1628249921.992862 32.917170 -32.940038 -0.333381 0.004179 0.004822 -0.446482 0.894770
1628249922.092766 33.029479 -33.076443 -0.334440 0.003877 0.005232 -0.452531 0.891725
1628249922.192974 33.128543 -33.209626 -0.333474 0.004274 0.005667 -0.457903 0.888974
1628249922.293174 33.231140 -33.340062 -0.338533 0.003970 0.004902 -0.463700 0.885970
1628249922.393405 33.325538 -33.466650 -0.341058 0.004334 0.004501 -0.468918 0.883220
1628249922.493581 33.421408 -33.587390 -0.342893 0.005630 0.005666 -0.473530 0.880741
1628249922.593755 33.507143 -33.713007 -0.341969 0.006244 0.005632 -0.478207 0.878207
1628249922.694061 33.594839 -33.828774 -0.342466 0.007653 0.005658 -0.483127 0.875499
1628249922.794142 33.678939 -33.950029 -0.345145 0.008509 0.006953 -0.487176 0.873235
1628249922.894369 33.758069 -34.062695 -0.347638 0.007901 0.006586 -0.491412 0.870866
1628249922.994537 33.829515 -34.177635 -0.351216 0.008112 0.006364 -0.495312 0.868654
1628249923.094819 33.896270 -34.285402 -0.354212 0.009155 0.007505 -0.499024 0.866507
1628249923.194964 33.960568 -34.394435 -0.354817 0.009709 0.007148 -0.502367 0.864570
1628249923.295132 34.020600 -34.500754 -0.358293 0.008892 0.005912 -0.506018 0.862457
1628249923.395317 34.082572 -34.603476 -0.364048 0.008638 0.006480 -0.509523 0.860390
1628249923.495512 34.143531 -34.698991 -0.362277 0.008933 0.007559 -0.512154 0.858814
1628249923.595718 34.200830 -34.791315 -0.360403 0.009131 0.005928 -0.513496 0.858023
1628249923.695913 34.256822 -34.887572 -0.362073 0.009269 0.004656 -0.514418 0.857477
1628249923.796088 34.315938 -34.985627 -0.367477 0.009529 0.004475 -0.515158 0.857031
1628249923.896495 34.374441 -35.089292 -0.373673 0.009027 0.004011 -0.515772 0.856669
1628249923.998451 34.434672 -35.196864 -0.377771 0.008471 0.003457 -0.516160 0.856444
1628249924.096675 34.492564 -35.304062 -0.376946 0.007679 0.003455 -0.516683 0.856136
1628249924.196864 34.559104 -35.417207 -0.375801 0.008019 0.002064 -0.517267 0.855784
1628249924.297078 34.620610 -35.539782 -0.375391 0.008676 0.000870 -0.518501 0.855033
1628249924.397267 34.685473 -35.661374 -0.377466 0.008296 -0.001764 -0.521105 0.853450
1628249924.497465 34.754021 -35.784852 -0.385095 0.006613 -0.003940 -0.525470 0.850777
1628249924.597743 34.826644 -35.914177 -0.388507 0.005740 -0.002446 -0.528806 0.848720
1628249924.697894 34.897692 -36.043290 -0.386186 0.007388 -0.001295 -0.532053 0.846678
1628249924.798047 34.964526 -36.178966 -0.384045 0.009026 0.001018 -0.536145 0.844077
1628249924.898255 35.029091 -36.321659 -0.384110 0.009162 0.003509 -0.539601 0.841864
1628249925.000593 35.102099 -36.472063 -0.386048 0.010052 0.004933 -0.542427 0.840028
1628249925.098640 35.170681 -36.616135 -0.388459 0.010986 0.006516 -0.544872 0.838422
1628249925.199550 35.249025 -36.754018 -0.393507 0.010380 0.006213 -0.543500 0.839322
1628249925.299079 35.321934 -36.905315 -0.403435 0.009099 0.005863 -0.535321 0.844580
1628249925.399319 35.385022 -37.070792 -0.410056 0.009971 0.003502 -0.525054 0.851004
1628249925.499421 35.452673 -37.233253 -0.412662 0.012117 0.000609 -0.513189 0.858190
1628249925.599623 35.530297 -37.393903 -0.418438 0.014969 0.000153 -0.501856 0.864822
1628249925.699823 35.614189 -37.555358 -0.419452 0.015885 -0.000508 -0.490001 0.871577
1628249925.801651 35.712882 -37.690322 -0.419796 0.015382 -0.001488 -0.478762 0.877809
1628249925.900197 35.795241 -37.838607 -0.417807 0.015766 -0.000295 -0.467465 0.883871
1628249926.000532 35.883496 -37.999569 -0.420567 0.015530 -0.000305 -0.456052 0.889818
1628249926.100581 35.979297 -38.154620 -0.424413 0.016073 0.000044 -0.445052 0.895361
1628249926.201031 36.079622 -38.307911 -0.430803 0.016262 0.000031 -0.433907 0.900811
1628249926.300965 36.190619 -38.451663 -0.436463 0.015811 -0.000977 -0.422265 0.906334
1628249926.401161 36.305334 -38.597410 -0.441011 0.016368 0.000098 -0.410165 0.911864
1628249926.501384 36.416886 -38.733468 -0.444046 0.016572 0.000089 -0.398494 0.917021
1628249926.601547 36.531888 -38.853980 -0.440999 0.016724 -0.000222 -0.387487 0.921723
1628249926.701759 36.644795 -38.990470 -0.443009 0.017253 0.000202 -0.374957 0.926882
1628249926.801971 36.768510 -39.105310 -0.444164 0.017073 -0.000152 -0.364443 0.931069
1628249926.902141 36.883829 -39.241047 -0.446989 0.017498 -0.000034 -0.352175 0.935771
1628249927.002333 37.018974 -39.368223 -0.449801 0.017731 -0.000527 -0.339918 0.940288
1628249927.102525 37.150082 -39.486474 -0.451684 0.017349 -0.001009 -0.328589 0.944313
1628249927.202766 37.281982 -39.597784 -0.453822 0.017364 -0.000512 -0.316133 0.948556
1628249927.302914 37.403278 -39.706532 -0.457351 0.017487 -0.001493 -0.303066 0.952808
1628249927.404122 37.526059 -39.806086 -0.460183 0.017730 -0.001308 -0.291142 0.956515
1628249927.503329 37.647094 -39.899021 -0.460124 0.018362 -0.000104 -0.278934 0.960135
1628249927.603498 37.770033 -39.987054 -0.460612 0.018687 -0.000497 -0.266431 0.963673
1628249927.703725 37.892562 -40.066809 -0.461940 0.018915 0.000638 -0.254173 0.966974
1628249927.803932 38.014060 -40.140376 -0.463168 0.019838 0.001654 -0.240047 0.970557
1628249927.904096 38.128639 -40.212176 -0.462148 0.019849 0.000091 -0.225488 0.974044
1628249928.004282 38.243050 -40.276857 -0.463000 0.020280 0.000086 -0.210221 0.977444
1628249928.104490 38.356637 -40.340149 -0.463526 0.020645 0.000384 -0.192299 0.981119
1628249928.204732 38.465775 -40.398930 -0.465413 0.020500 -0.000971 -0.172675 0.984765
1628249928.304878 38.567107 -40.455177 -0.466847 0.021205 -0.002076 -0.152887 0.988014
1628249928.405084 38.673979 -40.499585 -0.466650 0.021018 -0.001837 -0.132139 0.991007
1628249928.505256 38.779799 -40.541238 -0.466698 0.020083 -0.002730 -0.111295 0.993581
1628249928.606743 38.890167 -40.578963 -0.466651 0.018937 -0.005076 -0.089435 0.995800
1628249928.705665 38.993537 -40.612439 -0.466454 0.018900 -0.005906 -0.068290 0.997469
1628249928.805847 39.096319 -40.641918 -0.466512 0.019514 -0.006588 -0.046373 0.998712
1628249928.906058 39.210494 -40.662213 -0.466762 0.019035 -0.006316 -0.022833 0.999538
1628249929.006233 39.320227 -40.674520 -0.466699 0.018069 -0.008012 0.002692 0.999801
1628249929.106446 39.434657 -40.685384 -0.467947 0.017800 -0.008746 0.028491 0.999397
1628249929.206911 39.556021 -40.695645 -0.465102 0.017725 -0.007629 0.055901 0.998250
1628249929.306815 39.684568 -40.698084 -0.461454 0.018000 -0.007750 0.084223 0.996254
1628249929.407016 39.809214 -40.694249 -0.456683 0.017724 -0.007907 0.113127 0.993391
1628249929.507222 39.940987 -40.685206 -0.455245 0.017473 -0.007183 0.142296 0.989644
1628249929.607404 40.076070 -40.662537 -0.454524 0.017664 -0.006950 0.172626 0.984804
1628249929.707635 40.203538 -40.641104 -0.452619 0.017312 -0.008052 0.206088 0.978347
1628249929.807791 40.333728 -40.601490 -0.452800 0.017515 -0.009182 0.238216 0.971011
1628249929.908019 40.462161 -40.561815 -0.448006 0.017438 -0.008619 0.271613 0.962210
1628249930.008197 40.592160 -40.512903 -0.443539 0.017359 -0.007859 0.305079 0.952136
1628249930.108372 40.717315 -40.450799 -0.440508 0.017043 -0.007083 0.339654 0.940369
1628249930.208585 40.837001 -40.375951 -0.440271 0.015734 -0.006820 0.373370 0.927524
1628249930.308771 40.954186 -40.290350 -0.438934 0.014952 -0.006878 0.404901 0.914213
1628249930.408962 41.068261 -40.191530 -0.436957 0.014662 -0.007180 0.430063 0.902651
1628249930.509166 41.178474 -40.084455 -0.441745 0.013586 -0.005590 0.448945 0.893439
1628249930.609359 41.270358 -39.971366 -0.437434 0.009600 -0.001650 0.462550 0.886540
1628249930.709752 41.350990 -39.868660 -0.431061 0.008391 -0.002341 0.474613 0.880151
1628249930.809770 41.426278 -39.762968 -0.427524 0.008138 -0.002670 0.483201 0.875468
1628249930.909935 41.501868 -39.647015 -0.424200 0.006179 -0.000681 0.490709 0.871301
1628249931.010142 41.569932 -39.542639 -0.424744 0.004985 -0.001046 0.495432 0.868632
1628249931.110328 41.635684 -39.439718 -0.421852 0.003140 0.000512 0.497454 0.867485
1628249931.210579 41.692660 -39.351557 -0.418258 0.000186 0.004285 0.496770 0.867871
1628249931.310719 41.735963 -39.273707 -0.416958 -0.001170 0.006085 0.494985 0.868879
1628249931.410968 41.765586 -39.204519 -0.416671 -0.001788 0.005650 0.493246 0.869870
1628249931.511115 41.790300 -39.156585 -0.414550 -0.003166 0.006131 0.490704 0.871299
1628249931.611299 41.810774 -39.132822 -0.412932 -0.003955 0.006259 0.489815 0.871795
1628249931.711524 41.813996 -39.122835 -0.411813 -0.003223 0.005249 0.488318 0.872644
1628249931.811702 41.815440 -39.115452 -0.412802 -0.001324 0.002530 0.487533 0.873100
1628249931.911890 41.821409 -39.107737 -0.413818 -0.000558 0.002300 0.487096 0.873345
1628249932.012106 41.820329 -39.103794 -0.414102 -0.000887 0.002828 0.487047 0.873371
1628249932.112295 41.815981 -39.102901 -0.415386 -0.000851 0.002322 0.486794 0.873513
1628249932.212478 41.814454 -39.106819 -0.416082 -0.000653 0.001980 0.486921 0.873443
1628249932.312674 41.813612 -39.110096 -0.415828 -0.000758 0.001640 0.486951 0.873427
1628249932.412874 41.807306 -39.112107 -0.415104 -0.000673 0.001377 0.487022 0.873388
1628249932.513169 41.807073 -39.114022 -0.414827 -0.000690 0.001321 0.487161 0.873311
1628249932.613302 41.808469 -39.113509 -0.416294 -0.000643 0.000942 0.487157 0.873314
1628249932.713484 41.809382 -39.114998 -0.416026 -0.000739 0.001113 0.487140 0.873323
1628249932.813658 41.811906 -39.116357 -0.416212 -0.000745 0.001157 0.487145 0.873320
1628249932.913921 41.810574 -39.114980 -0.417307 -0.000619 0.001013 0.487119 0.873335
1628249933.015393 41.809398 -39.109213 -0.416246 -0.000633 0.000989 0.487044 0.873377
1628249933.114227 41.808210 -39.109190 -0.415766 -0.000656 0.000831 0.487050 0.873373
1628249933.214437 41.810210 -39.104643 -0.414974 -0.000566 0.000805 0.487057 0.873370
1628249933.314632 41.813422 -39.105042 -0.415228 -0.000624 0.000879 0.487133 0.873327
1628249933.414920 41.810722 -39.105044 -0.414997 -0.000733 0.000853 0.487135 0.873326
1628249933.515035 41.814233 -39.109831 -0.416222 -0.000640 0.000829 0.487158 0.873313
1628249933.615278 41.814620 -39.112355 -0.416374 -0.000649 0.000753 0.487133 0.873327
1628249933.715413 41.814923 -39.113765 -0.417259 -0.000732 0.000821 0.487137 0.873325
1628249933.815649 41.814423 -39.110673 -0.416192 -0.000805 0.000878 0.487195 0.873292
1628249933.915948 41.814168 -39.111387 -0.416072 -0.000636 0.000894 0.487295 0.873237
1628249934.015999 41.810694 -39.113088 -0.415878 -0.000870 0.001016 0.487582 0.873076
1628249934.118178 41.805016 -39.118072 -0.415710 -0.000885 0.000933 0.487985 0.872851
1628249934.216414 41.799845 -39.125723 -0.415790 -0.001029 0.001003 0.488750 0.872423
1628249934.316571 41.791763 -39.134420 -0.415892 -0.001140 0.001244 0.489457 0.872026
1628249934.416776 41.782385 -39.148160 -0.416456 -0.001340 0.001420 0.490697 0.871328
1628249934.517003 41.775136 -39.171310 -0.416350 -0.001483 0.001708 0.492195 0.870482
1628249934.617178 41.760103 -39.195939 -0.415586 -0.001511 0.001623 0.493986 0.869467
1628249934.717405 41.745888 -39.223136 -0.414378 -0.001346 0.001710 0.496727 0.867904
1628249934.820746 41.727420 -39.254515 -0.412233 -0.001258 0.001954 0.500334 0.865830
1628249934.917794 41.707189 -39.292556 -0.413042 -0.001228 0.001549 0.504342 0.863502
1628249935.018013 41.688621 -39.331003 -0.414140 -0.001238 0.000527 0.508965 0.860786
1628249935.118145 41.667430 -39.377750 -0.415535 -0.001133 -0.000929 0.513600 0.858029
1628249935.221217 41.649357 -39.421710 -0.419473 -0.000983 -0.002132 0.518977 0.854785
1628249935.318536 41.632930 -39.457003 -0.420685 -0.001061 -0.002890 0.523626 0.851943
1628249935.419497 41.615961 -39.504026 -0.420023 -0.001054 -0.003545 0.529284 0.848437
1628249935.518948 41.598874 -39.548668 -0.420802 -0.001078 -0.004287 0.534604 0.845091
1628249935.619116 41.580271 -39.592205 -0.421792 -0.001192 -0.005668 0.540421 0.841375
1628249935.719352 41.564968 -39.637604 -0.420811 -0.001408 -0.006158 0.546220 0.837618
1628249935.820767 41.557434 -39.681019 -0.421794 -0.000994 -0.006147 0.551711 0.834012
1628249935.919714 41.546509 -39.715127 -0.423533 0.000004 -0.005032 0.557032 0.830476
1628249936.019900 41.533246 -39.750510 -0.424150 0.000878 -0.004331 0.562613 0.826709
1628249936.120104 41.517944 -39.790004 -0.424465 0.000614 -0.004877 0.567920 0.823069
1628249936.220283 41.510285 -39.822810 -0.423453 -0.000690 -0.005622 0.572959 0.819565
1628249936.320480 41.497847 -39.856856 -0.422804 -0.001821 -0.006298 0.578044 0.815979
1628249936.420661 41.482328 -39.890147 -0.422904 -0.001588 -0.006688 0.582632 0.812707
1628249936.520878 41.473797 -39.926154 -0.424468 -0.001266 -0.006345 0.587693 0.809058
1628249936.621066 41.464293 -39.961475 -0.423971 -0.001570 -0.006377 0.592844 0.805290
1628249936.721254 41.453788 -40.000274 -0.424686 -0.002191 -0.007303 0.598071 0.801407
1628249936.821484 41.450366 -40.039034 -0.425233 -0.002832 -0.007784 0.603357 0.797428
1628249936.921643 41.447660 -40.079828 -0.426695 -0.003018 -0.007609 0.608570 0.793458
1628249937.021844 41.441261 -40.116111 -0.428785 -0.002478 -0.007348 0.613807 0.789418
1628249937.122034 41.434917 -40.155651 -0.430199 -0.002500 -0.007861 0.618861 0.785457
1628249937.222256 41.424994 -40.196836 -0.429907 -0.001886 -0.008676 0.623467 0.781799
1628249937.322409 41.420048 -40.229488 -0.430812 -0.000438 -0.009445 0.627553 0.778516
1628249937.422591 41.412795 -40.258212 -0.431479 0.000491 -0.008964 0.630697 0.775977
1628249937.522686 41.411018 -40.288935 -0.432228 0.001224 -0.008895 0.633437 0.773742
1628249937.622706 41.406104 -40.315334 -0.433785 0.001522 -0.009148 0.635624 0.771943
1628249937.722899 41.404269 -40.336416 -0.432960 0.001311 -0.009587 0.637585 0.770319
1628249937.823382 41.401092 -40.356786 -0.431222 0.000950 -0.009863 0.639149 0.769019
1628249937.923600 41.399629 -40.369650 -0.433471 0.001017 -0.010403 0.640610 0.767795
1628249938.023764 41.395497 -40.381922 -0.435016 0.000871 -0.010347 0.641736 0.766856
1628249938.123999 41.393915 -40.389872 -0.436391 0.000689 -0.010670 0.642766 0.765988
1628249938.224185 41.394388 -40.399689 -0.436790 0.000564 -0.010952 0.643847 0.765076
1628249938.324392 41.394568 -40.412041 -0.437900 0.000371 -0.011096 0.645035 0.764072
1628249938.424573 41.390917 -40.428214 -0.438002 0.000267 -0.010996 0.646503 0.762832
1628249938.524780 41.392699 -40.446718 -0.437463 0.000360 -0.010825 0.648361 0.761256
1628249938.625062 41.395091 -40.469507 -0.436924 0.000234 -0.010318 0.650709 0.759257
1628249938.725201 41.391647 -40.494295 -0.437977 0.000418 -0.010128 0.653552 0.756813
1628249938.825377 41.379040 -40.518181 -0.436853 0.000613 -0.010146 0.656758 0.754033
1628249938.925571 41.369876 -40.544011 -0.437741 0.000517 -0.010533 0.660666 0.750606
1628249939.025814 41.364314 -40.582331 -0.439861 0.000141 -0.010486 0.665161 0.746627
1628249939.126328 41.359864 -40.625167 -0.438957 0.000296 -0.010990 0.669705 0.742546
1628249939.226158 41.359788 -40.669300 -0.440531 0.000363 -0.011444 0.674222 0.738440
1628249939.326427 41.364142 -40.716129 -0.440091 0.000681 -0.011893 0.678598 0.734413
1628249939.426596 41.365950 -40.761021 -0.440670 0.000615 -0.012325 0.682892 0.730415
1628249939.526717 41.367264 -40.797910 -0.443390 0.000467 -0.012720 0.686903 0.726638
1628249939.626941 41.369455 -40.833376 -0.445608 0.000562 -0.013295 0.690242 0.723457
1628249939.727133 41.374184 -40.862472 -0.446994 0.000950 -0.013816 0.692383 0.721398
1628249939.827316 41.376366 -40.884063 -0.447949 0.002504 -0.015393 0.693328 0.720454
1628249939.927513 41.376335 -40.887636 -0.450930 0.004080 -0.018103 0.693283 0.720426
1628249940.027699 41.377432 -40.877363 -0.449135 0.004003 -0.018682 0.693106 0.720582
1628249940.127896 41.379832 -40.855352 -0.448266 0.004345 -0.018315 0.692825 0.720860
1628249940.228107 41.379315 -40.818574 -0.448195 0.006189 -0.018450 0.693515 0.720179
1628249940.328293 41.382967 -40.765940 -0.447955 0.008185 -0.018463 0.695083 0.718646
1628249940.428529 41.383707 -40.697513 -0.445875 0.008189 -0.018274 0.698669 0.715165
1628249940.528678 41.386135 -40.610423 -0.443936 0.007394 -0.018211 0.703553 0.710371
1628249940.628862 41.387849 -40.513746 -0.441445 0.007413 -0.018352 0.708926 0.705005
1628249940.729084 41.392496 -40.406802 -0.440940 0.007284 -0.017629 0.714641 0.699231
1628249940.829264 41.396150 -40.282012 -0.440618 0.006538 -0.015567 0.721395 0.692318
1628249940.929456 41.396245 -40.152786 -0.435559 0.006766 -0.013197 0.728958 0.684397
1628249941.029670 41.387433 -40.018203 -0.434366 0.006914 -0.012305 0.735657 0.677208
1628249941.129856 41.383629 -39.875366 -0.428873 0.004185 -0.010594 0.741967 0.670340
1628249941.230042 41.369406 -39.723162 -0.428801 0.003352 -0.009925 0.748829 0.662681
1628249941.330257 41.360998 -39.570697 -0.429639 0.005292 -0.009150 0.755723 0.654806
1628249941.430737 41.352476 -39.415128 -0.425408 0.005558 -0.006332 0.761510 0.648098
1628249941.530629 41.331032 -39.260727 -0.421793 0.004456 -0.004799 0.766974 0.641644
1628249941.631558 41.309906 -39.109126 -0.419449 0.004419 -0.004252 0.773252 0.634070
1628249941.731008 41.287340 -38.960518 -0.415843 0.003788 -0.002932 0.778589 0.627516
1628249941.831234 41.261154 -38.816740 -0.414717 0.002995 -0.000692 0.784138 0.620579
1628249941.931400 41.230817 -38.679734 -0.416448 0.004239 0.000947 0.789266 0.614035
1628249942.031603 41.197231 -38.544417 -0.415289 0.003770 0.001465 0.793605 0.608420
1628249942.131798 41.169215 -38.416494 -0.416022 0.001500 0.002617 0.797998 0.602653
1628249942.231989 41.139882 -38.296849 -0.415824 0.001464 0.002530 0.802079 0.597211
1628249942.332184 41.109690 -38.187232 -0.415306 0.002332 0.002348 0.805544 0.592527
1628249942.432476 41.086296 -38.086837 -0.411456 0.002131 0.002701 0.808571 0.588389
1628249942.532579 41.059773 -37.998824 -0.407636 0.001746 0.003207 0.811474 0.584376
1628249942.632771 41.031457 -37.924495 -0.405011 0.002348 0.002383 0.814143 0.580654
1628249942.733323 41.008488 -37.855620 -0.404265 0.002267 0.001199 0.816611 0.577182
1628249942.833164 40.988446 -37.795516 -0.404326 0.001713 0.001059 0.819292 0.573373
1628249942.934155 40.971815 -37.736917 -0.407352 0.002361 0.000658 0.822169 0.569238
1628249943.033577 40.958528 -37.686189 -0.408926 0.001997 0.000593 0.825039 0.565073
1628249943.133753 40.944306 -37.640501 -0.409428 0.000962 0.001035 0.827697 0.561174
1628249943.233942 40.928122 -37.594779 -0.408292 0.000878 0.000948 0.830339 0.557257
1628249943.334224 40.912755 -37.552919 -0.408328 0.001720 0.000093 0.832858 0.553484
1628249943.434343 40.897678 -37.510052 -0.406667 0.002730 -0.000877 0.835775 0.549065
1628249943.534927 40.878428 -37.457985 -0.403783 0.002662 -0.001365 0.838795 0.544440
1628249943.634764 40.861571 -37.403058 -0.402224 0.002361 -0.002253 0.842594 0.538539
1628249943.735047 40.838685 -37.342300 -0.404456 0.002780 -0.002469 0.846593 0.532228
1628249943.835111 40.813862 -37.275633 -0.405224 0.003654 -0.002794 0.851160 0.524886
1628249943.935315 40.780660 -37.203503 -0.403030 0.003003 -0.002483 0.855850 0.517209
1628249944.035502 40.745135 -37.126159 -0.403869 0.002622 -0.002625 0.860827 0.508884
1628249944.135696 40.707867 -37.045432 -0.404124 0.003243 -0.003299 0.866017 0.499993
1628249944.235888 40.662968 -36.960083 -0.404413 0.004217 -0.003848 0.871601 0.490182
1628249944.336157 40.611718 -36.863731 -0.405014 0.004863 -0.003459 0.876881 0.480671
1628249944.436321 40.558494 -36.764159 -0.402907 0.005805 -0.002353 0.882325 0.470600
1628249944.537045 40.495950 -36.661223 -0.401150 0.005877 -0.002052 0.887135 0.461468
1628249944.636671 40.428762 -36.564916 -0.400489 0.007386 -0.002356 0.891836 0.452293
1628249944.738651 40.360523 -36.465309 -0.398498 0.008064 -0.003292 0.896328 0.443307
1628249944.837061 40.292063 -36.371323 -0.396296 0.007361 -0.002978 0.900362 0.435070
1628249944.937337 40.221770 -36.277651 -0.396454 0.007132 -0.002534 0.904385 0.426651
1628249945.037463 40.149731 -36.185511 -0.396625 0.006908 -0.002875 0.908462 0.417901
1628249945.137647 40.080467 -36.092983 -0.394312 0.006739 -0.003097 0.912451 0.409119
1628249945.237846 40.004479 -35.998825 -0.392456 0.005253 -0.002387 0.916079 0.400957
1628249945.340007 39.931466 -35.899643 -0.389428 0.004182 -0.001444 0.919727 0.392534
1628249945.438250 39.852193 -35.809714 -0.389547 0.004727 -0.002144 0.923349 0.383926
1628249945.538426 39.768646 -35.719316 -0.387618 0.005528 -0.002707 0.926964 0.375099
1628249945.638638 39.682139 -35.626722 -0.384888 0.004343 -0.002272 0.930667 0.365834
1628249945.738813 39.600351 -35.535185 -0.387964 0.004613 -0.001721 0.934292 0.356475
1628249945.839017 39.514749 -35.457728 -0.387692 0.005689 -0.001783 0.937564 0.347761
1628249945.939214 39.434172 -35.383724 -0.386099 0.005911 -0.002389 0.940433 0.339918
1628249946.039412 39.350486 -35.314798 -0.383455 0.005211 -0.002740 0.943380 0.331662
1628249946.139619 39.269133 -35.249373 -0.381869 0.005656 -0.002593 0.946271 0.323315
1628249946.239792 39.186653 -35.181810 -0.379944 0.006628 -0.002592 0.949019 0.315138
1628249946.340002 39.103241 -35.117601 -0.379677 0.006838 -0.002352 0.951416 0.307823
1628249946.440199 39.019504 -35.050702 -0.378241 0.006467 -0.002916 0.953869 0.300139
1628249946.540765 38.937359 -34.985190 -0.375448 0.005735 -0.003712 0.956243 0.292492
1628249946.640608 38.856450 -34.922143 -0.373489 0.006381 -0.003703 0.958690 0.284357
1628249946.740921 38.775144 -34.853766 -0.371326 0.006835 -0.003133 0.960927 0.276700
1628249946.840974 38.689057 -34.790740 -0.370282 0.006873 -0.003359 0.962909 0.269719
1628249946.941195 38.598617 -34.731503 -0.369495 0.006096 -0.003599 0.965021 0.262078
1628249947.041371 38.506508 -34.674280 -0.371407 0.006066 -0.003504 0.967155 0.254089
1628249947.141549 38.412615 -34.618062 -0.371754 0.006492 -0.003411 0.969323 0.245681
1628249947.241771 38.317618 -34.561451 -0.370973 0.005809 -0.003445 0.971181 0.238248
1628249947.341951 38.223293 -34.509134 -0.366824 0.005677 -0.003923 0.973084 0.230349
1628249947.442130 38.132797 -34.458246 -0.363747 0.005860 -0.004032 0.975044 0.221900
1628249947.542332 38.042602 -34.403641 -0.362032 0.007017 -0.003532 0.976867 0.213701
1628249947.642601 37.941406 -34.351801 -0.363682 0.006261 -0.001944 0.978548 0.205916
1628249947.742725 37.834237 -34.298976 -0.362790 0.002566 -0.001209 0.980060 0.198680
1628249947.842926 37.729283 -34.246706 -0.358779 0.001636 -0.001820 0.981798 0.189912
1628249947.943124 37.621260 -34.191922 -0.356362 0.003670 -0.002736 0.983503 0.180834
1628249948.043312 37.508967 -34.143511 -0.356052 0.003044 -0.001758 0.984995 0.172549
1628249948.143676 37.388277 -34.100094 -0.359101 0.004131 -0.000422 0.986469 0.163897
1628249948.243727 37.275203 -34.055650 -0.359431 0.007627 -0.000688 0.987774 0.155706
1628249948.344126 37.156290 -34.016246 -0.354179 0.007540 -0.001800 0.989070 0.147240
1628249948.444112 37.034999 -33.975932 -0.354232 0.005032 -0.000395 0.990235 0.139316
1628249948.544284 36.909090 -33.935775 -0.354140 0.002798 0.000184 0.991293 0.131644
1628249948.644508 36.780826 -33.903530 -0.351487 0.001136 -0.000990 0.992316 0.123718
1628249948.744877 36.652786 -33.872513 -0.354272 0.001896 -0.002523 0.993396 0.114696
1628249948.844882 36.521699 -33.839589 -0.350656 0.003478 -0.000833 0.993936 0.109903
1628249948.945076 36.388150 -33.809688 -0.350946 0.003824 0.000175 0.993614 0.112766
1628249949.045259 36.257269 -33.782540 -0.347941 0.005147 -0.001994 0.992975 0.118193
1628249949.145459 36.124146 -33.758018 -0.346119 0.004771 -0.004237 0.991781 0.127789
1628249949.245656 35.981949 -33.736677 -0.343535 0.003982 -0.005616 0.990414 0.137962
1628249949.346166 35.842382 -33.706602 -0.346227 0.004026 -0.005795 0.988894 0.148457
1628249949.446048 35.712890 -33.675942 -0.347968 0.004622 -0.005364 0.987307 0.158663
1628249949.546244 35.576098 -33.638593 -0.340793 0.004080 -0.005051 0.985382 0.170238
1628249949.646458 35.437719 -33.591906 -0.340677 0.003400 -0.006130 0.983823 0.179007
1628249949.746628 35.300719 -33.544703 -0.341891 0.003887 -0.006686 0.982356 0.186860
1628249949.846854 35.161429 -33.495202 -0.342693 0.004954 -0.005804 0.980530 0.196220
1628249949.947021 35.024447 -33.444034 -0.344278 0.004774 -0.005955 0.978558 0.205831
1628249950.047205 34.890555 -33.390923 -0.342663 0.004619 -0.006187 0.976033 0.217488
1628249950.148669 34.766301 -33.344601 -0.338905 0.005002 -0.006407 0.973013 0.230606
1628249950.247669 34.638384 -33.297421 -0.335650 0.004849 -0.007135 0.969469 0.245061
1628249950.347829 34.511425 -33.242483 -0.333004 0.003893 -0.007492 0.965772 0.259255
1628249950.448002 34.375910 -33.180705 -0.335044 0.003550 -0.007517 0.961932 0.273162
1628249950.548249 34.243905 -33.111583 -0.335555 0.003865 -0.007294 0.957632 0.287876
1628249950.648411 34.116744 -33.040485 -0.334784 0.003772 -0.007789 0.953122 0.302463
1628249950.748707 33.983312 -32.962245 -0.333817 0.003248 -0.008027 0.948600 0.316358
1628249950.848909 33.849043 -32.880771 -0.334370 0.004268 -0.008363 0.944007 0.329791
1628249950.948973 33.726943 -32.790843 -0.329257 0.004662 -0.008681 0.939313 0.342919
1628249951.049354 33.605597 -32.710928 -0.325972 0.003494 -0.008357 0.934811 0.355031
1628249951.149515 33.481528 -32.624239 -0.326138 0.003965 -0.008892 0.930603 0.365901
1628249951.249573 33.363362 -32.528381 -0.324250 0.004323 -0.008812 0.926574 0.375985
1628249951.349783 33.251775 -32.423139 -0.322477 0.002844 -0.008461 0.923193 0.384233
1628249951.449997 33.132502 -32.314128 -0.322123 0.003315 -0.007987 0.920035 0.391741
1628249951.550140 33.015808 -32.205218 -0.325068 0.005050 -0.008287 0.916888 0.399027
1628249951.650337 32.901188 -32.081866 -0.320419 0.004886 -0.008238 0.913698 0.406281
1628249951.750585 32.782802 -31.982060 -0.314837 0.004201 -0.008448 0.911016 0.412263
1628249951.850725 32.669387 -31.851524 -0.313626 0.005206 -0.009279 0.907553 0.419802
1628249951.950914 32.558805 -31.708142 -0.310860 0.004480 -0.008429 0.904520 0.426324
1628249952.051120 32.439501 -31.568153 -0.308761 0.004196 -0.008337 0.901557 0.432560
1628249952.151319 32.321545 -31.443183 -0.311839 0.005665 -0.009261 0.898545 0.438747
1628249952.251498 32.202853 -31.317540 -0.308717 0.004630 -0.008311 0.895478 0.445005
1628249952.351716 32.087199 -31.176675 -0.306501 0.003984 -0.008262 0.892103 0.451739
1628249952.451901 31.970429 -31.031742 -0.306442 0.005899 -0.008919 0.889352 0.457099
1628249952.552124 31.860216 -30.873906 -0.305186 0.004372 -0.007860 0.887760 0.460219
1628249952.652336 31.753267 -30.708726 -0.302734 0.004171 -0.007362 0.888252 0.459279
1628249952.752475 31.647809 -30.548603 -0.299763 0.005815 -0.006795 0.889708 0.456442
1628249952.852695 31.537832 -30.390569 -0.297207 0.005689 -0.005778 0.891541 0.452867
1628249952.952884 31.428804 -30.229040 -0.296619 0.006293 -0.005984 0.893613 0.448755
1628249953.053823 31.316944 -30.066674 -0.294991 0.005675 -0.005123 0.896019 0.443949
1628249953.153279 31.207938 -29.903886 -0.289071 0.005660 -0.004995 0.898742 0.438412
1628249953.253452 31.083977 -29.750061 -0.287224 0.005981 -0.004692 0.901813 0.432059
1628249953.353643 30.961847 -29.601366 -0.283868 0.004046 -0.003795 0.904684 0.426047
1628249953.453969 30.837989 -29.455141 -0.284148 0.003950 -0.003421 0.907367 0.420308
1628249953.554048 30.707140 -29.305483 -0.283049 0.003485 -0.002926 0.909991 0.414603
1628249953.654295 30.577911 -29.158214 -0.285578 0.004044 -0.003060 0.912255 0.409591
1628249953.754540 30.446825 -29.015228 -0.283992 0.004476 -0.003437 0.914024 0.405622
1628249953.854824 30.317133 -28.870905 -0.279958 0.003388 -0.003291 0.915874 0.401438
1628249953.955124 30.181410 -28.724112 -0.277899 0.004084 -0.003813 0.917519 0.397652
1628249954.055028 30.044371 -28.569253 -0.272732 0.003416 -0.003785 0.919343 0.393424
1628249954.155206 29.902933 -28.416684 -0.271993 0.002770 -0.003831 0.921111 0.389272
1628249954.255777 29.761313 -28.265262 -0.274174 0.002361 -0.003426 0.923019 0.384732
1628249954.355612 29.618938 -28.119366 -0.274219 0.002324 -0.003857 0.924796 0.380436
1628249954.455797 29.481683 -27.968583 -0.271710 0.002611 -0.004056 0.926550 0.376140
1628249954.556012 29.342508 -27.824836 -0.271087 0.002017 -0.004064 0.928364 0.371644
1628249954.656199 29.200011 -27.689709 -0.268607 0.002693 -0.004515 0.930215 0.366978
1628249954.756401 29.052614 -27.553692 -0.265582 0.002712 -0.004774 0.931933 0.362590
1628249954.856587 28.900691 -27.416960 -0.265478 0.002081 -0.004843 0.933588 0.358310
1628249954.956784 28.751091 -27.276487 -0.267319 0.001856 -0.004608 0.934952 0.354739
1628249955.057180 28.593903 -27.140350 -0.267581 0.001932 -0.005121 0.936166 0.351516
1628249955.157159 28.435836 -27.009028 -0.262825 0.001990 -0.006039 0.937012 0.349240
1628249955.257385 28.281581 -26.871691 -0.261057 0.001258 -0.005528 0.938168 0.346135
1628249955.357560 28.119314 -26.736713 -0.258541 0.001714 -0.006196 0.939373 0.342838
1628249955.457780 27.960382 -26.598571 -0.255262 0.002098 -0.005856 0.940604 0.339448
1628249955.557944 27.799018 -26.464254 -0.257791 0.001669 -0.005839 0.941595 0.336693
1628249955.658142 27.642947 -26.331490 -0.258849 0.001335 -0.005861 0.942771 0.333387
1628249955.758268 27.482435 -26.204241 -0.257077 0.001023 -0.005745 0.944064 0.329711
1628249955.858302 27.325910 -26.077226 -0.253262 0.001025 -0.006034 0.945168 0.326528
1628249955.958162 27.163426 -25.946613 -0.252567 0.000816 -0.005622 0.946392 0.322970
1628249956.058163 26.999882 -25.814880 -0.251460 0.001136 -0.005939 0.947574 0.319479
1628249956.158317 26.841473 -25.682174 -0.246896 0.000358 -0.005305 0.948726 0.316054
1628249956.258418 26.671414 -25.560398 -0.248308 0.000119 -0.005543 0.949808 0.312783
1628249956.358294 26.499751 -25.442252 -0.252025 0.000444 -0.005594 0.950878 0.309514
1628249956.459721 26.330833 -25.321077 -0.254224 0.000537 -0.005561 0.951955 0.306186
1628249956.559891 26.159928 -25.196643 -0.251425 -0.000567 -0.005588 0.952733 0.303758
1628249956.660075 25.984858 -25.072293 -0.250735 -0.001019 -0.005945 0.953743 0.300561
1628249956.760200 25.814166 -24.953526 -0.251794 -0.000439 -0.006589 0.954708 0.297470
1628249956.860481 25.642377 -24.838271 -0.245984 -0.000655 -0.006752 0.955474 0.294997
1628249956.960666 25.473260 -24.722442 -0.244685 -0.000765 -0.006946 0.956047 0.293130
1628249957.060916 25.298349 -24.608006 -0.248509 0.000044 -0.007820 0.956750 0.290805
1628249957.161077 25.123243 -24.493127 -0.249988 0.000240 -0.007707 0.957516 0.288278
1628249957.261297 24.949964 -24.374497 -0.250029 -0.000231 -0.007414 0.957977 0.286750
1628249957.361458 24.780929 -24.254365 -0.246376 -0.000472 -0.007748 0.958532 0.284878
1628249957.461644 24.612617 -24.146242 -0.242838 0.000154 -0.008364 0.958966 0.283399
1628249957.561856 24.441563 -24.039521 -0.242966 -0.000126 -0.008007 0.959185 0.282665
1628249957.662054 24.266277 -23.939523 -0.245581 0.000720 -0.009085 0.958810 0.283903
1628249957.762266 24.086525 -23.840820 -0.245650 0.000933 -0.009226 0.958202 0.285942
1628249957.862457 23.902960 -23.737480 -0.243998 -0.000302 -0.008977 0.956882 0.290337
1628249957.962673 23.723918 -23.626574 -0.241409 -0.001417 -0.009498 0.954430 0.298280
1628249958.062829 23.550547 -23.509673 -0.236295 -0.001759 -0.010569 0.951356 0.307908
1628249958.163034 23.370556 -23.394227 -0.235309 -0.001601 -0.011263 0.947612 0.319220
1628249958.263243 23.200054 -23.267990 -0.235800 -0.002405 -0.011702 0.943551 0.331012
1628249958.363402 23.027137 -23.149286 -0.239661 -0.002318 -0.012847 0.938925 0.343875
1628249958.463616 22.858898 -23.030265 -0.242811 -0.002181 -0.013448 0.934329 0.356151
1628249958.563803 22.689253 -22.914138 -0.243336 -0.002787 -0.013817 0.929888 0.367573
1628249958.664021 22.533259 -22.786722 -0.242269 -0.002754 -0.014574 0.926212 0.376712
1628249958.764188 22.381927 -22.643321 -0.240142 -0.002895 -0.013663 0.922709 0.385244
1628249958.864408 22.232242 -22.499856 -0.239618 -0.001561 -0.013721 0.919423 0.393028
1628249958.964610 22.085676 -22.352363 -0.240166 -0.000482 -0.013703 0.916370 0.400098
1628249959.064783 21.937945 -22.203693 -0.235616 0.000132 -0.014512 0.913295 0.407040
1628249959.164966 21.793838 -22.053477 -0.229130 -0.000337 -0.013866 0.910251 0.413825
1628249959.266006 21.650632 -21.898853 -0.227617 -0.000426 -0.013061 0.907294 0.420294
1628249959.365352 21.508490 -21.744855 -0.228720 0.000787 -0.013493 0.904274 0.426738
1628249959.465609 21.368374 -21.587826 -0.227170 -0.000626 -0.012140 0.901191 0.433251
1628249959.565757 21.231499 -21.429281 -0.224759 -0.001996 -0.011288 0.898290 0.439253
1628249959.665966 21.095212 -21.268892 -0.225327 -0.001679 -0.010770 0.895355 0.445219
1628249959.766152 20.958564 -21.107307 -0.225629 -0.000521 -0.010787 0.892587 0.450746
1628249959.866686 20.830654 -20.947573 -0.221687 -0.000013 -0.010961 0.889308 0.457178
1628249959.967279 20.701027 -20.782787 -0.219209 0.000273 -0.010927 0.886346 0.462894
1628249960.066726 20.578424 -20.614102 -0.220976 0.001679 -0.010940 0.883204 0.468858
1628249960.166972 20.454699 -20.445628 -0.217844 0.001350 -0.010906 0.879957 0.474927
1628249960.267111 20.334948 -20.273908 -0.216447 0.001429 -0.010720 0.876672 0.480967
1628249960.367316 20.211646 -20.095636 -0.213536 0.001363 -0.010270 0.873300 0.487073
1628249960.468755 20.091049 -19.918357 -0.209103 0.001324 -0.009428 0.870256 0.492507
1628249960.567712 19.980503 -19.744098 -0.206619 0.001432 -0.009395 0.867327 0.497649
1628249960.667910 19.874945 -19.569690 -0.204436 0.000361 -0.009003 0.867838 0.496766
1628249960.768081 19.775397 -19.389214 -0.208174 0.001138 -0.007493 0.873480 0.486800
1628249960.868291 19.684947 -19.211346 -0.207293 0.002127 -0.004726 0.880140 0.474687
1628249960.968563 19.583675 -19.028481 -0.204467 0.002628 -0.001907 0.888390 0.459078
1628249961.068694 19.466994 -18.846655 -0.201609 0.001980 -0.000009 0.896323 0.443397
1628249961.168866 19.345138 -18.672241 -0.197938 0.002117 0.000679 0.903700 0.428161
1628249961.269159 19.213993 -18.504659 -0.197445 0.000719 0.001044 0.911122 0.412134
1628249961.369551 19.081501 -18.347281 -0.196989 0.000679 0.000981 0.917794 0.397055
1628249961.469480 18.942068 -18.191121 -0.201486 0.001444 0.000722 0.923818 0.382830
1628249961.569659 18.797849 -18.035966 -0.198713 0.001121 0.000871 0.929679 0.368368
1628249961.669857 18.649177 -17.880742 -0.197507 0.000918 0.000912 0.935337 0.353755
1628249961.770093 18.501721 -17.735207 -0.193480 0.000739 0.001129 0.940617 0.339466
1628249961.870234 18.350227 -17.598901 -0.191733 0.001076 0.001081 0.945603 0.325320
1628249961.970562 18.199908 -17.466625 -0.191906 0.001193 0.001401 0.950398 0.311030
1628249962.070703 18.047800 -17.345242 -0.191329 0.000749 0.001672 0.954800 0.297244
1628249962.170818 17.894979 -17.225818 -0.187327 0.000553 0.001489 0.958902 0.283732
1628249962.271026 17.744481 -17.115271 -0.185985 0.000295 0.001104 0.963059 0.269289
1628249962.371262 17.591969 -17.018478 -0.191354 0.001721 -0.000608 0.966848 0.255346
1628249962.471410 17.441730 -16.926851 -0.192703 0.004559 -0.002519 0.970596 0.240658
1628249962.571636 17.292775 -16.836610 -0.190930 0.007459 -0.002035 0.974090 0.226027
1628249962.671817 17.144169 -16.752582 -0.180686 0.005600 -0.000427 0.977117 0.212629
1628249962.772000 16.999200 -16.676725 -0.170799 -0.000193 0.001093 0.979906 0.199456
1628249962.872216 16.863506 -16.608379 -0.168531 -0.003735 0.003240 0.982917 0.183980
1628249962.972387 16.742812 -16.547896 -0.166943 -0.005320 0.004592 0.985023 0.172280
1628249963.074491 16.627551 -16.494892 -0.174498 -0.004010 0.004268 0.987508 0.157459
1628249963.172819 16.510900 -16.448230 -0.178456 -0.003577 0.004126 0.989219 0.146342
1628249963.272973 16.400132 -16.408592 -0.177470 -0.004860 0.005173 0.990712 0.135790
1628249963.373202 16.291508 -16.369277 -0.177003 -0.005213 0.006042 0.992107 0.125137
1628249963.473377 16.186173 -16.337129 -0.169827 -0.008746 0.005220 0.993080 0.116994
1628249963.573583 16.079935 -16.310127 -0.172578 -0.010173 0.001982 0.994373 0.105426
1628249963.673851 15.984518 -16.287040 -0.182442 -0.007602 -0.000884 0.995394 0.095568
1628249963.773966 15.890320 -16.265627 -0.182751 -0.007890 -0.002291 0.996374 0.084681
1628249963.874161 15.801467 -16.248480 -0.181700 -0.008796 -0.002104 0.997233 0.073782
1628249963.974373 15.717087 -16.224427 -0.180376 -0.008027 -0.002312 0.998085 0.061294
1628249964.074527 15.637930 -16.206066 -0.179067 -0.007615 -0.002787 0.998807 0.048153
1628249964.174831 15.559906 -16.185588 -0.179943 -0.006894 -0.002714 0.999409 0.033556
1628249964.274943 15.480061 -16.173173 -0.181308 -0.006774 -0.003137 0.999804 0.018348
1628249964.375162 15.401176 -16.158175 -0.179427 -0.008217 -0.004038 0.999951 0.003776
1628249964.476729 15.325636 -16.147027 -0.181277 -0.008270 -0.005285 0.999903 -0.009933
1628249964.575522 15.254732 -16.143639 -0.185478 -0.007662 -0.006631 0.999758 -0.019541
1628249964.675698 15.190633 -16.151156 -0.186036 -0.007748 -0.008301 0.999627 -0.024845
1628249964.775900 15.127706 -16.158423 -0.187067 -0.006922 -0.009642 0.999572 -0.026729
1628249964.876098 15.070735 -16.164527 -0.186398 -0.006316 -0.010364 0.999580 -0.026325
1628249964.976319 15.016301 -16.174701 -0.186663 -0.007336 -0.010906 0.999608 -0.024711
1628249965.076559 14.970654 -16.179328 -0.185095 -0.008806 -0.010630 0.999657 -0.022249
1628249965.176678 14.932565 -16.182431 -0.185350 -0.009571 -0.010183 0.999716 -0.019287
1628249965.276896 14.906385 -16.183643 -0.186457 -0.009403 -0.009654 0.999776 -0.016318
1628249965.377080 14.891188 -16.186989 -0.185686 -0.009851 -0.009629 0.999803 -0.014294
1628249965.477301 14.888078 -16.188442 -0.185117 -0.010368 -0.009982 0.999800 -0.013861
1628249965.577493 14.899826 -16.190711 -0.185808 -0.009981 -0.010175 0.999794 -0.014480
1628249965.677653 14.917397 -16.187402 -0.186911 -0.009445 -0.010443 0.999764 -0.016553
1628249965.777851 14.937200 -16.182579 -0.185973 -0.010180 -0.010486 0.999700 -0.019635
1628249965.878068 14.963504 -16.178172 -0.185033 -0.010552 -0.010830 0.999597 -0.024031
1628249965.978972 14.997597 -16.171856 -0.184560 -0.010200 -0.011225 0.999433 -0.030047
1628249966.078434 15.034629 -16.160252 -0.185282 -0.009212 -0.011819 0.999188 -0.037411
1628249966.178661 15.080874 -16.148672 -0.187403 -0.008331 -0.012225 0.998842 -0.045773
1628249966.278849 15.132237 -16.137636 -0.185347 -0.008447 -0.011872 0.998278 -0.056821
1628249966.379023 15.193075 -16.127554 -0.183253 -0.009638 -0.010972 0.997543 -0.068516
1628249966.479206 15.258542 -16.111537 -0.181765 -0.009671 -0.009908 0.996580 -0.081463
1628249966.579432 15.327404 -16.096648 -0.180439 -0.009799 -0.009477 0.995429 -0.094527
1628249966.679614 15.396912 -16.078197 -0.179156 -0.010029 -0.009309 0.993905 -0.109390
1628249966.779798 15.461931 -16.057264 -0.180096 -0.009674 -0.008698 0.992128 -0.124550
1628249966.880020 15.535515 -16.032489 -0.179415 -0.008772 -0.009064 0.990077 -0.139957
1628249966.980207 15.609522 -16.003673 -0.181246 -0.007904 -0.010136 0.987707 -0.155789
1628249967.080487 15.680787 -15.970653 -0.181421 -0.006188 -0.010828 0.985206 -0.170921
1628249967.180814 15.751031 -15.927100 -0.177832 -0.004691 -0.009745 0.982416 -0.186393
1628249967.280786 15.815626 -15.883752 -0.176374 -0.004644 -0.008043 0.979437 -0.201536
1628249967.381195 15.878127 -15.842191 -0.173290 -0.004825 -0.006465 0.976064 -0.217335
1628249967.481175 15.940935 -15.802703 -0.173367 -0.004277 -0.005718 0.972420 -0.233129
1628249967.581368 16.005063 -15.763696 -0.174336 -0.004590 -0.006015 0.968515 -0.248840
1628249967.681723 16.070774 -15.722586 -0.175240 -0.004015 -0.006255 0.964495 -0.263995
1628249967.781955 16.135691 -15.678957 -0.175386 -0.003663 -0.005668 0.960560 -0.277991
1628249967.882006 16.194352 -15.637659 -0.173127 -0.004059 -0.004573 0.956257 -0.292463
1628249967.982155 16.248652 -15.589425 -0.172553 -0.003650 -0.003663 0.951957 -0.306189
1628249968.082408 16.303918 -15.544896 -0.171184 -0.003332 -0.003283 0.947485 -0.319766
1628249968.182614 16.352813 -15.499617 -0.171904 -0.003482 -0.003413 0.942548 -0.334034
1628249968.282726 16.402636 -15.451867 -0.173287 -0.002093 -0.003546 0.937892 -0.346902
1628249968.382951 16.451038 -15.402908 -0.174059 -0.001144 -0.003838 0.933194 -0.359351
1628249968.483112 16.496588 -15.353544 -0.172786 -0.001769 -0.003541 0.928428 -0.371491
1628249968.583315 16.536442 -15.301071 -0.171318 -0.002235 -0.002670 0.923423 -0.383769
1628249968.683502 16.574056 -15.252293 -0.170696 -0.001756 -0.002693 0.918423 -0.395587
1628249968.783726 16.613744 -15.205336 -0.170132 -0.001134 -0.004160 0.913295 -0.407275
1628249968.883903 16.648556 -15.158633 -0.169644 -0.001088 -0.005496 0.908204 -0.418490
1628249968.984088 16.683983 -15.110654 -0.167513 -0.000818 -0.005682 0.902882 -0.429851
1628249969.084280 16.715766 -15.059652 -0.167669 -0.001013 -0.005477 0.897519 -0.440941
1628249969.184489 16.744792 -15.010737 -0.168303 -0.001696 -0.006180 0.891941 -0.452107
1628249969.284688 16.773798 -14.961640 -0.166769 -0.000720 -0.006062 0.886806 -0.462102
1628249969.384961 16.798613 -14.910406 -0.165924 -0.000225 -0.005251 0.882025 -0.471174
1628249969.485075 16.820481 -14.860482 -0.166490 -0.000459 -0.004848 0.878410 -0.477883
1628249969.585276 16.841867 -14.819061 -0.166267 0.000008 -0.004988 0.876769 -0.480885
1628249969.685454 16.863823 -14.791401 -0.167525 0.003692 -0.004294 0.877191 -0.480108
1628249969.785764 16.881560 -14.773997 -0.171188 0.007618 -0.002665 0.877738 -0.479073
1628249969.885867 16.886299 -14.776833 -0.173541 0.009785 -0.001521 0.877293 -0.479854
1628249969.986089 16.875581 -14.796978 -0.172138 0.008785 -0.001255 0.875699 -0.482776
1628249970.085718 16.853838 -14.826738 -0.168671 0.008842 -0.000161 0.871959 -0.489500
1628249970.185112 16.814206 -14.864032 -0.168858 -0.008977 -0.001174 -0.864705 0.502199
1628249970.286711 16.761409 -14.918252 -0.169847 -0.007603 -0.001745 -0.853513 0.521013
1628249970.386837 16.701776 -14.990130 -0.173841 -0.006073 -0.002590 -0.838378 0.545049
1628249970.487056 16.637349 -15.083857 -0.178944 -0.004716 -0.003930 -0.818682 0.574215
1628249970.587222 16.569961 -15.193631 -0.180121 -0.004214 -0.006551 -0.795218 0.606274
1628249970.687407 16.507411 -15.314876 -0.177699 -0.002853 -0.009808 -0.767045 0.641512
1628249970.787607 16.457674 -15.445110 -0.174550 0.001950 -0.010252 -0.735590 0.677347
1628249970.887802 16.418246 -15.581100 -0.170661 0.006308 -0.009735 -0.701782 0.712297
1628249970.988038 16.387565 -15.735005 -0.175529 0.006908 -0.011873 -0.668505 0.743581
1628249971.087199 16.380427 -15.895547 -0.181230 0.008075 -0.010594 -0.642793 0.765924
1628249971.188189 16.390641 -16.053562 -0.181446 0.009585 -0.009133 -0.624066 0.781259
1628249971.288595 16.412879 -16.216104 -0.185597 0.008033 -0.007118 -0.610483 0.791957
1628249971.388988 16.445774 -16.371114 -0.187359 0.006524 -0.003667 -0.599619 0.800251
1628249971.488958 16.485035 -16.524840 -0.182694 0.008282 0.000900 -0.590793 0.806780
1628249971.588410 16.521007 -16.674404 -0.176155 0.012096 0.005712 -0.585375 0.810652
1628249971.689353 16.562420 -16.816883 -0.174193 0.013640 0.007613 -0.581626 0.813306
1628249971.789551 16.609063 -16.953421 -0.179850 0.013031 0.006461 -0.578866 0.815293
1628249971.889782 16.659670 -17.085044 -0.186332 0.013337 0.005437 -0.580030 0.814468
1628249971.990798 16.712303 -17.210416 -0.193337 0.013428 0.006159 -0.582014 0.813044
1628249972.090153 16.765099 -17.329311 -0.195952 0.013966 0.009397 -0.586004 0.810133
1628249972.190331 16.814522 -17.428680 -0.194640 0.013393 0.011952 -0.590124 0.807113
1628249972.290533 16.847523 -17.514587 -0.193075 0.012494 0.011068 -0.595527 0.803162
1628249972.390765 16.871385 -17.580651 -0.191298 0.013511 0.010651 -0.599846 0.799931
1628249972.492051 16.885749 -17.628875 -0.190409 0.014143 0.010002 -0.602684 0.797792
1628249972.591134 16.894115 -17.659427 -0.192156 0.014130 0.008556 -0.603810 0.796957
1628249972.691324 16.898425 -17.686262 -0.194541 0.013347 0.006673 -0.602735 0.797802
1628249972.791721 16.897711 -17.707689 -0.197310 0.013279 0.005391 -0.601084 0.799058
1628249972.891707 16.898768 -17.727736 -0.198446 0.013850 0.004669 -0.598486 0.801000
1628249972.991953 16.900287 -17.745925 -0.198935 0.012798 0.002898 -0.595830 0.803003
1628249973.092110 16.903911 -17.767222 -0.204025 0.009901 -0.000595 -0.591656 0.806130
1628249973.192286 16.914353 -17.800585 -0.206816 0.007601 -0.002227 -0.585322 0.810762
1628249973.292542 16.925927 -17.848578 -0.208034 0.005995 -0.003041 -0.576895 0.816791
1628249973.392916 16.945346 -17.911771 -0.208176 0.006899 -0.002914 -0.566321 0.824151
1628249973.492879 16.965159 -17.982538 -0.206681 0.007547 -0.003427 -0.554040 0.832449
1628249973.593074 16.992074 -18.062819 -0.207831 0.007580 -0.004517 -0.539024 0.842244
1628249973.693274 17.020498 -18.150076 -0.212506 0.007991 -0.004706 -0.521861 0.852980
1628249973.793506 17.050244 -18.246544 -0.214137 0.009150 -0.004404 -0.501936 0.864845
1628249973.893855 17.088330 -18.349420 -0.214940 0.009852 -0.005456 -0.480532 0.876905
1628249973.993861 17.136322 -18.450952 -0.216221 0.009545 -0.006024 -0.459325 0.888196
1628249974.094044 17.195444 -18.557233 -0.217596 0.008517 -0.005575 -0.442912 0.896507
1628249974.194270 17.263537 -18.659747 -0.219318 0.008076 -0.005864 -0.428054 0.903698
1628249974.294433 17.336502 -18.766126 -0.220877 0.008368 -0.006836 -0.414762 0.909866
1628249974.394628 17.416884 -18.869703 -0.221428 0.009055 -0.007347 -0.403321 0.914984
1628249974.494829 17.506616 -18.977775 -0.224007 0.009116 -0.006908 -0.392517 0.919673
1628249974.595054 17.599130 -19.085659 -0.221368 0.008373 -0.007162 -0.381873 0.924149
1628249974.695217 17.705406 -19.196711 -0.220976 0.007644 -0.007201 -0.371793 0.928256
1628249974.795436 17.808443 -19.301324 -0.218906 0.008918 -0.005766 -0.361407 0.932347
1628249974.895631 17.917124 -19.407046 -0.219388 0.010158 -0.005415 -0.350963 0.936319
1628249974.995804 18.023813 -19.511266 -0.217329 0.010665 -0.006955 -0.340708 0.940083
1628249975.096752 18.135891 -19.610977 -0.219200 0.011367 -0.006144 -0.330160 0.943837
1628249975.196197 18.244026 -19.703324 -0.219344 0.011508 -0.006150 -0.319241 0.947584
1628249975.296456 18.351200 -19.794888 -0.222259 0.011148 -0.007619 -0.307706 0.951386
1628249975.396586 18.458429 -19.884358 -0.220806 0.012079 -0.006335 -0.295653 0.955198
1628249975.497057 18.565524 -19.972233 -0.220794 0.013496 -0.004698 -0.284431 0.958590
1628249975.596976 18.681697 -20.051875 -0.221844 0.013707 -0.005025 -0.280733 0.959675
1628249975.697187 18.800560 -20.127038 -0.224086 0.013458 -0.004861 -0.281097 0.959573
1628249975.797375 18.928015 -20.204233 -0.222861 0.012953 -0.001879 -0.282186 0.959271
1628249975.897568 19.053896 -20.281385 -0.223466 0.012159 -0.001060 -0.284983 0.958455
1628249975.997770 19.177524 -20.351750 -0.222903 0.011206 -0.001594 -0.289420 0.957135
1628249976.098001 19.296554 -20.421829 -0.223996 0.011386 -0.000857 -0.293928 0.955759
1628249976.198535 19.412780 -20.496505 -0.223252 0.012297 -0.000765 -0.298493 0.954332
1628249976.298348 19.530233 -20.571853 -0.225494 0.011820 -0.001360 -0.303399 0.952789
1628249976.398551 19.646572 -20.649201 -0.225907 0.011586 -0.001454 -0.308265 0.951229
1628249976.498754 19.763490 -20.721384 -0.228863 0.012196 0.000143 -0.312436 0.949860
1628249976.599571 19.876128 -20.796962 -0.230162 0.011633 -0.000866 -0.317780 0.948093
1628249976.699118 19.978481 -20.873773 -0.228013 0.011058 -0.003249 -0.322941 0.946349
1628249976.800741 20.085228 -20.955314 -0.228929 0.011292 -0.002595 -0.328085 0.944577
1628249976.899547 20.187413 -21.036104 -0.230193 0.011243 -0.002404 -0.333175 0.942795
1628249976.999709 20.293755 -21.115851 -0.230122 0.010724 -0.003984 -0.338687 0.940829
1628249977.099910 20.403007 -21.196146 -0.231554 0.010133 -0.004040 -0.344503 0.938722
1628249977.200097 20.514882 -21.275540 -0.231954 0.009958 -0.003094 -0.349992 0.936695
1628249977.300300 20.629125 -21.357872 -0.232238 0.009674 -0.003771 -0.354429 0.935025
1628249977.400487 20.739509 -21.446905 -0.233045 0.009853 -0.003633 -0.358257 0.933564
1628249977.500686 20.843263 -21.536899 -0.234128 0.010945 -0.002175 -0.362158 0.932050
1628249977.600871 20.944564 -21.625050 -0.234381 0.011761 -0.001079 -0.365558 0.930714
1628249977.701072 21.049824 -21.718528 -0.234828 0.011299 -0.001545 -0.369761 0.929057
1628249977.801377 21.152127 -21.812353 -0.234324 0.010572 -0.002345 -0.373861 0.927421
1628249977.901464 21.256480 -21.907838 -0.235577 0.011035 -0.001515 -0.378018 0.925731
1628249978.001854 21.361781 -22.007540 -0.236520 0.011227 -0.001678 -0.382235 0.923996
1628249978.101849 21.469385 -22.104231 -0.240403 0.011071 -0.002318 -0.386550 0.922199
1628249978.202073 21.581607 -22.205641 -0.242214 0.011392 -0.002369 -0.391300 0.920190
1628249978.302245 21.691413 -22.306778 -0.241044 0.010569 -0.002578 -0.395617 0.918351
1628249978.402545 21.798552 -22.409944 -0.239787 0.009769 -0.004498 -0.399849 0.916518
1628249978.502641 21.911385 -22.518075 -0.242511 0.010681 -0.004462 -0.404372 0.914521
1628249978.602845 22.022498 -22.630526 -0.243732 0.011018 -0.003571 -0.408466 0.912700
1628249978.703026 22.129425 -22.747224 -0.246716 0.010571 -0.004282 -0.411783 0.911210
1628249978.804796 22.240627 -22.866370 -0.248193 0.010969 -0.004521 -0.416006 0.909285
1628249978.903966 22.348290 -22.983912 -0.245582 0.011987 -0.003385 -0.419699 0.907578
1628249979.003711 22.458498 -23.108754 -0.241401 0.011788 -0.003795 -0.423037 0.906028
1628249979.103880 22.568744 -23.233911 -0.244285 0.011097 -0.004981 -0.426610 0.904354
1628249979.206210 22.684069 -23.365088 -0.251093 0.010636 -0.003944 -0.430654 0.902446
1628249979.304217 22.787235 -23.495625 -0.251378 0.011136 -0.004139 -0.433954 0.900857
1628249979.404431 22.895857 -23.627278 -0.251585 0.010795 -0.004284 -0.437682 0.899055
1628249979.504590 23.010002 -23.763344 -0.256717 0.010492 -0.002416 -0.441466 0.897213
1628249979.605320 23.123367 -23.897006 -0.257909 0.009340 -0.001844 -0.444402 0.895777
1628249979.704978 23.232765 -24.030288 -0.258709 0.009212 -0.000918 -0.446663 0.894654
1628249979.805167 23.346328 -24.165908 -0.258714 0.009517 0.000009 -0.446875 0.894546
1628249979.905359 23.453327 -24.306032 -0.258641 0.008373 -0.001228 -0.445733 0.895126
1628249980.005576 23.562941 -24.447748 -0.260264 0.008092 -0.001675 -0.444262 0.895859
1628249980.106416 23.672372 -24.592054 -0.259291 0.008943 -0.000480 -0.441477 0.897228
1628249980.205975 23.782795 -24.727537 -0.257148 0.008347 -0.001312 -0.438317 0.898781
1628249980.306185 23.895120 -24.868256 -0.260548 0.008582 -0.001202 -0.434187 0.900781
1628249980.407408 24.013907 -25.004339 -0.264271 0.008536 -0.001175 -0.428262 0.903614
1628249980.506605 24.126679 -25.138398 -0.264096 0.007750 -0.001784 -0.421045 0.907005
1628249980.606743 24.240709 -25.274723 -0.267730 0.009013 -0.001270 -0.413379 0.910513
1628249980.706939 24.349865 -25.416229 -0.268503 0.008594 -0.002704 -0.405247 0.914163
1628249980.807760 24.465202 -25.556811 -0.267611 0.008351 -0.003795 -0.397392 0.917603
1628249980.907325 24.578228 -25.694557 -0.269005 0.008063 -0.003380 -0.389266 0.921084
1628249981.007512 24.697998 -25.833448 -0.269578 0.007698 -0.004642 -0.381443 0.924348
1628249981.107703 24.821017 -25.962651 -0.272827 0.008557 -0.003879 -0.374718 0.927091
1628249981.207904 24.950108 -26.087722 -0.274505 0.008940 -0.003040 -0.367668 0.929909
1628249981.308117 25.076235 -26.206397 -0.273245 0.009127 -0.003688 -0.361120 0.932467
1628249981.408300 25.205685 -26.323795 -0.274528 0.009294 -0.003094 -0.355095 0.934779
1628249981.508504 25.335329 -26.440498 -0.275421 0.009075 -0.003184 -0.350373 0.936561
1628249981.608680 25.468372 -26.559016 -0.274522 0.008846 -0.002646 -0.348109 0.937409
1628249981.708899 25.603898 -26.671000 -0.273583 0.008850 -0.001269 -0.347171 0.937759
1628249981.809103 25.739828 -26.787774 -0.272253 0.007604 -0.002635 -0.346829 0.937894
1628249981.909293 25.879184 -26.905619 -0.273674 0.007276 -0.002371 -0.348257 0.937368
1628249982.009466 26.020328 -27.023693 -0.274266 0.007210 -0.001042 -0.349370 0.936956
1628249982.109659 26.156684 -27.137881 -0.275004 0.006720 -0.001959 -0.350816 0.936418
1628249982.209884 26.290076 -27.252671 -0.278809 0.006754 -0.001832 -0.351945 0.935995
1628249982.310079 26.426994 -27.365018 -0.280093 0.006867 -0.002213 -0.352913 0.935628
1628249982.410252 26.569527 -27.480904 -0.281052 0.006575 -0.002286 -0.353436 0.935433
1628249982.510443 26.715647 -27.601469 -0.279823 0.006796 -0.001117 -0.353802 0.935295
1628249982.610652 26.857607 -27.722871 -0.279444 0.005571 -0.002568 -0.353988 0.935230
1628249982.710844 27.004457 -27.845553 -0.281392 0.005779 -0.002739 -0.354069 0.935197
1628249982.811031 27.148088 -27.968210 -0.280955 0.005357 -0.002427 -0.354177 0.935160
1628249982.911225 27.288689 -28.093780 -0.281224 0.004104 -0.002979 -0.353978 0.935240
1628249983.011419 27.430891 -28.218769 -0.284071 0.003676 -0.002493 -0.353868 0.935285
1628249983.111708 27.577767 -28.345134 -0.286588 0.003395 -0.002201 -0.353925 0.935265
1628249983.211863 27.720458 -28.461780 -0.289274 0.003096 -0.001408 -0.353921 0.935269
1628249983.312000 27.865734 -28.584731 -0.288863 0.002798 -0.000413 -0.354134 0.935190
1628249983.412215 28.010789 -28.706101 -0.286240 0.002691 -0.000988 -0.354012 0.935237
1628249983.512403 28.158417 -28.831464 -0.285103 0.003287 -0.000433 -0.354824 0.934927
1628249983.612605 28.306455 -28.954374 -0.284064 0.003183 -0.000411 -0.356086 0.934448
1628249983.712795 28.454139 -29.077043 -0.288130 0.002810 -0.001754 -0.357567 0.933882
1628249983.812983 28.597521 -29.202354 -0.292786 0.003270 -0.002461 -0.359757 0.933037
1628249983.913173 28.743964 -29.332061 -0.290995 0.004016 -0.001981 -0.362875 0.931827
1628249984.013395 28.893703 -29.467592 -0.287943 0.005376 0.000013 -0.366421 0.930434
1628249984.115051 29.049148 -29.596308 -0.288122 0.005215 0.000458 -0.370268 0.928910
1628249984.213792 29.188923 -29.720762 -0.290200 0.004852 -0.000447 -0.373666 0.927551
1628249984.313956 29.336120 -29.842937 -0.291737 0.005559 -0.000364 -0.377833 0.925857
1628249984.414208 29.477613 -29.971264 -0.291429 0.005580 -0.000581 -0.381303 0.924433
1628249984.517551 29.621283 -30.107998 -0.292385 0.006029 0.000933 -0.384807 0.922977
1628249984.614621 29.753512 -30.237572 -0.293834 0.005986 0.001346 -0.386942 0.922083
1628249984.714743 29.893476 -30.367356 -0.297440 0.005577 0.001808 -0.389399 0.921050
1628249984.814932 30.036649 -30.497374 -0.300060 0.005500 0.002706 -0.391757 0.920048
1628249984.918042 30.178205 -30.640913 -0.300327 0.005156 0.002534 -0.393727 0.919209
1628249985.015358 30.308421 -30.775350 -0.301496 0.005594 0.003490 -0.395938 0.918253
1628249985.115518 30.442937 -30.913911 -0.300371 0.005575 0.003226 -0.397825 0.917439
1628249985.215714 30.573464 -31.051176 -0.301499 0.005226 0.001988 -0.400120 0.916446
1628249985.315905 30.710634 -31.189680 -0.307310 0.005506 0.001893 -0.402546 0.915381
1628249985.416244 30.846043 -31.332705 -0.310988 0.005797 0.001000 -0.404840 0.914369
1628249985.516299 30.980118 -31.470073 -0.313814 0.006475 0.001105 -0.406853 0.913470
1628249985.616503 31.109161 -31.608380 -0.316717 0.007229 0.001174 -0.408449 0.912752
1628249985.716689 31.243451 -31.746661 -0.317309 0.007882 0.001575 -0.410306 0.911912
1628249985.817213 31.380255 -31.888614 -0.317440 0.008356 0.002946 -0.412033 0.911126
1628249985.917100 31.508742 -32.031288 -0.318218 0.008410 0.002615 -0.413569 0.910430
1628249986.017274 31.639495 -32.175911 -0.321955 0.008646 0.002545 -0.415532 0.909534
1628249986.117574 31.770876 -32.317851 -0.322823 0.008940 0.002517 -0.417266 0.908737
1628249986.217659 31.906147 -32.464953 -0.328033 0.008565 0.002051 -0.418999 0.907944
1628249986.319219 32.047344 -32.618010 -0.333249 0.008031 0.001256 -0.420817 0.907109
1628249986.418065 32.185059 -32.767815 -0.336461 0.007949 0.000167 -0.422215 0.906461
1628249986.518401 32.316304 -32.926545 -0.335554 0.008455 0.001067 -0.423686 0.905769
1628249986.618532 32.448808 -33.079964 -0.332256 0.008366 0.000567 -0.425143 0.905087
1628249986.718648 32.583999 -33.230299 -0.336719 0.008221 -0.000034 -0.426787 0.904315
1628249986.821927 32.725403 -33.387962 -0.340967 0.008989 0.000794 -0.428183 0.903647
1628249986.921875 32.858473 -33.545144 -0.342105 0.008885 0.001073 -0.429610 0.902970
1628249987.020762 32.989878 -33.699037 -0.346059 0.009077 0.000695 -0.431076 0.902269
1628249987.120773 33.116607 -33.851269 -0.348388 0.008854 0.000588 -0.432764 0.901463
1628249987.219606 33.240938 -34.006244 -0.347446 0.009106 0.001882 -0.434487 0.900630
1628249987.319797 33.367223 -34.167436 -0.352028 0.009192 0.002432 -0.435476 0.900150
1628249987.420209 33.489756 -34.327704 -0.357994 0.009043 0.002263 -0.436798 0.899511
1628249987.520282 33.619541 -34.486131 -0.362155 0.009549 0.003596 -0.437791 0.899019
1628249987.620387 33.748491 -34.643932 -0.364656 0.009864 0.003311 -0.436843 0.899477
1628249987.720836 33.876101 -34.801303 -0.366314 0.009820 0.002563 -0.435307 0.900225
1628249987.820897 34.005453 -34.960692 -0.364518 0.010130 0.002171 -0.432549 0.901551
1628249987.920959 34.140500 -35.118695 -0.367436 0.010894 0.002371 -0.429910 0.902803
1628249988.021161 34.277595 -35.273696 -0.372152 0.010597 0.001360 -0.426941 0.904216
1628249988.121304 34.413343 -35.431465 -0.380974 0.010108 0.000654 -0.423797 0.905700
1628249988.221438 34.552791 -35.588869 -0.383816 0.010220 0.000691 -0.420110 0.907415
1628249988.321594 34.681593 -35.748257 -0.384926 0.008840 -0.003111 -0.413939 0.910256
1628249988.421480 34.807463 -35.903889 -0.384793 0.008888 -0.005751 -0.407983 0.912928
1628249988.521472 34.934044 -36.058091 -0.381585 0.010423 -0.002917 -0.400533 0.916218
1628249988.622026 35.062922 -36.209687 -0.385772 0.013216 0.002991 -0.391824 0.919940
1628249988.724419 35.198605 -36.362745 -0.386492 0.014830 0.005002 -0.380308 0.924727
1628249988.822606 35.346825 -36.492507 -0.390787 0.015860 0.005164 -0.371094 0.928445
1628249988.922927 35.495754 -36.632792 -0.397030 0.016305 0.004309 -0.358959 0.933201
1628249989.023389 35.637826 -36.774647 -0.394566 0.015242 0.000191 -0.347200 0.937667
1628249989.123874 35.777649 -36.922151 -0.395666 0.016547 -0.001055 -0.334722 0.942171
1628249989.223505 35.929110 -37.059555 -0.402562 0.016587 -0.000337 -0.322649 0.946373
1628249989.323702 36.088531 -37.194140 -0.407206 0.016524 -0.000710 -0.310999 0.950266
1628249989.423877 36.249510 -37.321380 -0.409342 0.016008 -0.000685 -0.299611 0.953927
1628249989.524186 36.413518 -37.444290 -0.413326 0.015878 -0.001159 -0.288487 0.957352
1628249989.624297 36.576459 -37.563588 -0.414702 0.015760 -0.000647 -0.278058 0.960435
1628249989.724495 36.742386 -37.670698 -0.420473 0.015549 -0.001154 -0.272083 0.962148
1628249989.824730 36.915911 -37.777007 -0.425887 0.014521 -0.001389 -0.270917 0.962492
1628249989.924885 37.089737 -37.875222 -0.429452 0.013305 0.000091 -0.272928 0.961942
1628249990.025071 37.260688 -37.972321 -0.425813 0.012207 0.000778 -0.277391 0.960679
1628249990.125285 37.431355 -38.074582 -0.422470 0.011069 0.000690 -0.286189 0.958109
1628249990.225465 37.602919 -38.170706 -0.419844 0.009913 0.000758 -0.297890 0.954548
1628249990.325776 37.779754 -38.275173 -0.422949 0.008475 0.001187 -0.312039 0.950031
1628249990.425853 37.956273 -38.387348 -0.427034 0.007951 0.001211 -0.328587 0.944439
1628249990.526179 38.136181 -38.496957 -0.430507 0.006489 0.001746 -0.346788 0.937919
1628249990.626252 38.313613 -38.618514 -0.431077 0.005496 0.002232 -0.366877 0.930251
1628249990.726447 38.482008 -38.748164 -0.427055 0.004338 0.003037 -0.388588 0.921396
1628249990.826663 38.641726 -38.880692 -0.425247 0.003677 0.004871 -0.409708 0.912196
1628249990.926844 38.791213 -39.013975 -0.429549 0.002838 0.005934 -0.428940 0.903309
1628249991.027027 38.928110 -39.157174 -0.436246 0.002253 0.005482 -0.443126 0.896440
1628249991.127226 39.050817 -39.303340 -0.440336 0.003380 0.004586 -0.454034 0.890966
1628249991.227440 39.169799 -39.456792 -0.444546 0.005114 0.004164 -0.462979 0.886345
1628249991.327615 39.284033 -39.611115 -0.447720 0.006762 0.005185 -0.469118 0.883094
1628249991.427819 39.393493 -39.768231 -0.448838 0.007154 0.004215 -0.470850 0.882174
1628249991.528006 39.499063 -39.925558 -0.449375 0.008124 0.003120 -0.468490 0.883426
1628249991.628207 39.617548 -40.076906 -0.452023 0.009834 0.001886 -0.462383 0.886624
1628249991.728400 39.732259 -40.231259 -0.459459 0.011732 0.000575 -0.453783 0.891035
1628249991.828642 39.833878 -40.384489 -0.461407 0.013568 0.000939 -0.444354 0.895748
1628249991.928926 39.944905 -40.533018 -0.462577 0.014551 0.001119 -0.433846 0.900869
1628249992.028979 40.047660 -40.675268 -0.462484 0.015480 0.001517 -0.422338 0.906305
1628249992.129185 40.132106 -40.818443 -0.462169 0.016171 0.000859 -0.409087 0.912352
1628249992.229424 40.232333 -40.945254 -0.462509 0.016442 -0.000939 -0.396169 0.918030
1628249992.329693 40.332814 -41.068154 -0.465892 0.017172 -0.000330 -0.381132 0.924361
1628249992.429775 40.428073 -41.179834 -0.468782 0.017758 -0.000564 -0.364520 0.931026
1628249992.529958 40.523767 -41.286274 -0.469206 0.018652 -0.002013 -0.348264 0.937209
1628249992.630193 40.614385 -41.383086 -0.468990 0.019073 -0.002565 -0.331924 0.943110
1628249992.730342 40.710669 -41.474261 -0.467756 0.018253 -0.002556 -0.316787 0.948318
1628249992.830570 40.806747 -41.552649 -0.469476 0.017039 -0.003563 -0.301365 0.953350
1628249992.930759 40.897389 -41.627447 -0.469517 0.016432 -0.003425 -0.286926 0.957806
1628249993.030971 40.984614 -41.699089 -0.471973 0.016668 -0.003129 -0.271684 0.962237
1628249993.131138 41.067077 -41.765141 -0.472533 0.016701 -0.003397 -0.256251 0.966460
1628249993.231353 41.155595 -41.820492 -0.471014 0.016411 -0.003945 -0.239667 0.970708
1628249993.331557 41.237765 -41.873011 -0.469721 0.015245 -0.004003 -0.223577 0.974559
1628249993.431746 41.324852 -41.920454 -0.469643 0.014527 -0.004082 -0.206971 0.978231
1628249993.531908 41.407070 -41.965897 -0.470099 0.014139 -0.004477 -0.189123 0.981841
1628249993.632150 41.485850 -42.010785 -0.469928 0.013990 -0.005007 -0.171183 0.985127
1628249993.732304 41.577354 -42.049127 -0.470489 0.013648 -0.005406 -0.152893 0.988134
1628249993.832536 41.662911 -42.088867 -0.468571 0.013285 -0.005175 -0.133336 0.990968
1628249993.932684 41.748566 -42.131229 -0.469379 0.012437 -0.004748 -0.113077 0.993497
1628249994.032903 41.848514 -42.165489 -0.469547 0.012546 -0.004728 -0.092174 0.995653
1628249994.133094 41.948574 -42.198658 -0.468616 0.012058 -0.005032 -0.069726 0.997481
1628249994.233490 42.072880 -42.224867 -0.469148 0.011703 -0.004970 -0.047817 0.998775
1628249994.333470 42.193536 -42.247964 -0.470053 0.011790 -0.005140 -0.023586 0.999639
1628249994.433668 42.301453 -42.268196 -0.466978 0.012030 -0.005505 0.001135 0.999912
1628249994.533922 42.409706 -42.282079 -0.466366 0.012385 -0.006029 0.026340 0.999558
1628249994.634209 42.522471 -42.291174 -0.462740 0.011765 -0.005927 0.051519 0.998585
1628249994.734265 42.639366 -42.291743 -0.458949 0.011150 -0.006049 0.077644 0.996900
1628249994.834444 42.773912 -42.288372 -0.462577 0.011269 -0.006441 0.104449 0.994445
1628249994.934833 42.906266 -42.276200 -0.459779 0.012441 -0.006029 0.131766 0.991184
1628249995.035385 43.042252 -42.253245 -0.457164 0.013032 -0.005281 0.159338 0.987124
1628249995.135689 43.177547 -42.223582 -0.455411 0.012520 -0.005753 0.188028 0.982067
1628249995.235274 43.307199 -42.188026 -0.454472 0.012504 -0.006536 0.218313 0.975777
1628249995.335851 43.438903 -42.148181 -0.453209 0.012431 -0.006020 0.249706 0.968223
1628249995.435803 43.567029 -42.094215 -0.448343 0.012872 -0.005255 0.281766 0.959383
1628249995.535892 43.696423 -42.040563 -0.444955 0.012509 -0.005032 0.314866 0.949040
1628249995.636022 43.828871 -41.975350 -0.439222 0.011050 -0.004008 0.348093 0.937386
1628249995.736210 43.951546 -41.891884 -0.440950 0.010833 -0.001108 0.379675 0.925056
1628249995.836459 44.064031 -41.800071 -0.440255 0.012243 -0.001314 0.405426 0.914045
1628249995.936657 44.158965 -41.706010 -0.437599 0.012374 -0.003385 0.417076 0.908781
1628249996.036803 44.246669 -41.595649 -0.434406 0.009566 -0.004594 0.420059 0.907435
1628249996.137278 44.329923 -41.491858 -0.432498 0.006746 -0.006076 0.420011 0.907474
1628249996.237202 44.405393 -41.402276 -0.430047 0.004139 -0.004923 0.416015 0.909335
1628249996.337384 44.478749 -41.317714 -0.428951 0.002076 -0.002723 0.410750 0.911741
1628249996.437600 44.554585 -41.224833 -0.427369 0.000296 -0.001125 0.404142 0.914696
1628249996.537763 44.629034 -41.132637 -0.426244 -0.001044 0.000179 0.396690 0.917952
1628249996.637965 44.685570 -41.056938 -0.421718 -0.001865 0.000490 0.390731 0.920503
1628249996.738210 44.742128 -40.987611 -0.419231 -0.003366 0.001191 0.384300 0.923202
1628249996.838373 44.790340 -40.933495 -0.419774 -0.004471 0.002393 0.379484 0.925184
1628249996.938556 44.821442 -40.899221 -0.421895 -0.004449 0.002347 0.375980 0.926614
1628249997.038792 44.838913 -40.878463 -0.422021 -0.003857 0.002314 0.374001 0.927417
1628249997.138973 44.844043 -40.871791 -0.421585 -0.003330 0.002383 0.373036 0.927808
1628249997.239153 44.840391 -40.872928 -0.420996 -0.003215 0.001383 0.373085 0.927791
1628249997.339350 44.832085 -40.882033 -0.418585 -0.002910 0.000003 0.373628 0.927574
1628249997.439556 44.820656 -40.889978 -0.419870 -0.002626 -0.001186 0.374497 0.927223
1628249997.539744 44.807878 -40.900957 -0.421430 -0.002920 -0.001016 0.375630 0.926764
1628249997.640186 44.799503 -40.916533 -0.423355 -0.002691 -0.000861 0.376898 0.926250
1628249997.740161 44.790593 -40.928465 -0.424623 -0.002421 -0.001123 0.378444 0.925620
1628249997.840370 44.781702 -40.941423 -0.423116 -0.002672 -0.000867 0.380262 0.924874
1628249997.940516 44.772368 -40.956932 -0.422644 -0.002915 -0.001235 0.381873 0.924209
1628249998.040692 44.755367 -40.971143 -0.421947 -0.003155 -0.001445 0.383858 0.923386
1628249998.140890 44.740365 -40.980096 -0.421566 -0.003388 -0.001537 0.385914 0.922527
1628249998.241077 44.723987 -40.998033 -0.423049 -0.003237 -0.001393 0.388379 0.921493
1628249998.341277 44.708133 -41.017975 -0.424590 -0.002718 -0.001548 0.390849 0.920450
1628249998.441516 44.698619 -41.036318 -0.425883 -0.002237 -0.001596 0.393752 0.919213
1628249998.541696 44.680664 -41.060493 -0.426749 -0.002088 -0.001668 0.397049 0.917793
1628249998.641888 44.668714 -41.085745 -0.426286 -0.001814 -0.001727 0.400460 0.916311
1628249998.742066 44.647003 -41.115331 -0.426776 -0.001538 -0.001847 0.403990 0.914760
1628249998.842281 44.631089 -41.137331 -0.425921 -0.001617 -0.002156 0.407464 0.913217
1628249998.942457 44.614076 -41.156973 -0.422953 -0.001875 -0.002278 0.410912 0.911670
1628249999.042676 44.600468 -41.177562 -0.423885 -0.001991 -0.002899 0.414119 0.910216
1628249999.142855 44.578297 -41.199413 -0.425975 -0.001572 -0.003586 0.417344 0.908740
1628249999.243050 44.561432 -41.218319 -0.428625 -0.001417 -0.004044 0.420287 0.907381
1628249999.343228 44.543728 -41.238209 -0.430079 -0.001165 -0.004228 0.423002 0.906118
1628249999.443419 44.529574 -41.255964 -0.430568 -0.000604 -0.004492 0.425432 0.904979
1628249999.543631 44.522309 -41.273715 -0.429871 -0.000830 -0.004337 0.427901 0.903815
1628249999.643834 44.510556 -41.289866 -0.428630 -0.000787 -0.004362 0.430068 0.902785
1628249999.744040 44.503219 -41.300337 -0.427745 -0.000695 -0.004477 0.431893 0.901913
1628249999.844203 44.492259 -41.315496 -0.427978 -0.000768 -0.004762 0.433796 0.900998
1628249999.944407 44.481975 -41.330671 -0.428764 -0.000575 -0.004815 0.435817 0.900022
1628250000.044598 44.471703 -41.345885 -0.429322 -0.000747 -0.005199 0.437638 0.899136
1628250000.144797 44.459992 -41.360064 -0.430655 -0.000934 -0.005562 0.439278 0.898334
1628250000.245522 44.455213 -41.373525 -0.430369 -0.001011 -0.005697 0.441042 0.897468
1628250000.347008 44.449639 -41.387474 -0.431743 -0.000817 -0.005857 0.442750 0.896626
1628250000.445375 44.442111 -41.399116 -0.429957 -0.000498 -0.006073 0.444285 0.895865
1628250000.545588 44.434493 -41.410879 -0.430170 -0.000478 -0.005968 0.446057 0.894984
1628250000.646147 44.424859 -41.424356 -0.432069 0.000032 -0.006332 0.447722 0.894151
1628250000.745975 44.414564 -41.436769 -0.433337 0.000255 -0.006192 0.449501 0.893258
1628250000.846171 44.408371 -41.449543 -0.434013 0.000524 -0.006045 0.451165 0.892420
1628250000.946357 44.401855 -41.461877 -0.434928 0.000777 -0.006255 0.452898 0.891540
1628250001.046657 44.395009 -41.480519 -0.434090 0.000850 -0.006432 0.454839 0.890550
1628250001.146893 44.387182 -41.493157 -0.433275 0.001028 -0.006222 0.456883 0.889504
1628250001.246984 44.374151 -41.512784 -0.433308 0.001089 -0.006577 0.459067 0.888377
1628250001.347153 44.361494 -41.529771 -0.433449 0.001078 -0.006653 0.461165 0.887289
1628250001.447330 44.349029 -41.549157 -0.433984 0.000741 -0.007000 0.463573 0.886031
1628250001.547551 44.337091 -41.564381 -0.433633 0.000640 -0.007783 0.465680 0.884919
1628250001.647729 44.327715 -41.579833 -0.434655 0.000432 -0.007963 0.468101 0.883639
1628250001.748039 44.312361 -41.599055 -0.436211 0.000679 -0.008133 0.470689 0.882261
1628250001.848155 44.302363 -41.618635 -0.437254 0.000972 -0.007956 0.473402 0.880810
1628250001.948322 44.295696 -41.638387 -0.437445 0.001269 -0.007847 0.476117 0.879346
1628250002.048508 44.285600 -41.661330 -0.436290 0.001360 -0.007157 0.479227 0.877661
1628250002.149507 44.273381 -41.685860 -0.435646 0.001041 -0.006440 0.482391 0.875932
1628250002.248983 44.262099 -41.709145 -0.434330 0.000430 -0.005991 0.485307 0.874323
1628250002.352765 44.250654 -41.731255 -0.434349 -0.000362 -0.006637 0.488625 0.872469
1628250002.449270 44.234735 -41.752981 -0.436076 -0.001260 -0.006977 0.491490 0.870854
1628250002.549682 44.219535 -41.780569 -0.436329 -0.001285 -0.007071 0.494720 0.869023
1628250002.649703 44.207438 -41.807732 -0.436951 -0.000733 -0.006341 0.498107 0.867092
1628250002.750121 44.197068 -41.832882 -0.436839 -0.000650 -0.005903 0.501286 0.865261
1628250002.850054 44.180895 -41.854457 -0.439048 -0.000967 -0.006243 0.504375 0.863462
1628250002.950266 44.165447 -41.879217 -0.438729 -0.001252 -0.006281 0.507407 0.861682
1628250003.050446 44.152856 -41.903148 -0.440104 -0.000688 -0.006253 0.510356 0.859940
1628250003.150665 44.146346 -41.933906 -0.442614 -0.000410 -0.005567 0.513008 0.858366
1628250003.250840 44.138318 -41.958329 -0.445526 0.000002 -0.005524 0.515569 0.856830
1628250003.352739 44.131127 -41.973116 -0.445940 0.000793 -0.006651 0.516880 0.856032
1628250003.451252 44.124824 -41.981133 -0.444328 0.001393 -0.007910 0.517607 0.855581
1628250003.551444 44.125270 -41.980711 -0.440684 0.001460 -0.008347 0.517566 0.855601
1628250003.651632 44.130700 -41.974040 -0.439924 0.001159 -0.008058 0.517417 0.855695
1628250003.752727 44.139315 -41.960111 -0.440053 0.001462 -0.007708 0.517070 0.855907
1628250003.851999 44.152298 -41.942193 -0.441248 0.001839 -0.007882 0.516464 0.856271
1628250003.954202 44.160227 -41.920547 -0.440909 0.002061 -0.008553 0.516055 0.856510
1628250004.053207 44.174125 -41.897471 -0.440246 0.001684 -0.009388 0.516264 0.856376
1628250004.152650 44.190954 -41.859687 -0.438711 0.001183 -0.010229 0.516696 0.856107
1628250004.252942 44.210133 -41.815375 -0.439785 0.001041 -0.011118 0.517872 0.855385
1628250004.352993 44.235577 -41.759633 -0.440423 0.001879 -0.011610 0.519453 0.854418
1628250004.453220 44.268224 -41.705048 -0.440954 0.002688 -0.011111 0.521936 0.852908
1628250004.553382 44.302266 -41.640599 -0.441451 0.004281 -0.011278 0.524529 0.851307
1628250004.654356 44.334539 -41.574681 -0.442261 0.005281 -0.012229 0.526512 0.850063
1628250004.755126 44.370605 -41.506123 -0.437140 0.003753 -0.011273 0.528903 0.848599
1628250004.853981 44.406073 -41.440844 -0.429411 0.001821 -0.009346 0.530037 0.847921
1628250004.954868 44.439717 -41.371261 -0.427603 0.001543 -0.009037 0.530027 0.847931
1628250005.055479 44.469366 -41.302673 -0.428400 0.000992 -0.008166 0.529098 0.848521
1628250005.156770 44.499997 -41.230979 -0.425524 0.000020 -0.006279 0.527541 0.849507
1628250005.254777 44.528949 -41.164996 -0.427086 0.000473 -0.005987 0.525475 0.850788
1628250005.354941 44.553957 -41.103834 -0.426487 0.000922 -0.005850 0.522697 0.852498
1628250005.455138 44.580361 -41.043789 -0.423577 0.000271 -0.004494 0.519983 0.854165
1628250005.555338 44.603750 -40.987210 -0.422857 -0.000643 -0.003953 0.517742 0.855528
1628250005.655653 44.624239 -40.943842 -0.423666 -0.000944 -0.004303 0.515382 0.856949
1628250005.756874 44.644080 -40.899956 -0.423235 -0.001318 -0.003861 0.513050 0.858349
1628250005.857691 44.661155 -40.864900 -0.424785 -0.001102 -0.002746 0.511410 0.859332
1628250005.956114 44.670794 -40.841045 -0.424298 -0.000793 -0.002752 0.509903 0.860227
1628250006.056528 44.682253 -40.824695 -0.426265 -0.000532 -0.002710 0.509052 0.860731
1628250006.156489 44.685223 -40.811659 -0.425798 -0.000364 -0.002943 0.508086 0.861301
1628250006.257281 44.689352 -40.803480 -0.424797 -0.000344 -0.003083 0.507663 0.861550
1628250006.356914 44.691109 -40.798721 -0.424699 -0.000461 -0.002901 0.507312 0.861758
1628250006.457441 44.692290 -40.799091 -0.423323 -0.000488 -0.003066 0.507292 0.861768
1628250006.557273 44.692204 -40.802315 -0.424025 -0.000237 -0.003382 0.507298 0.861764
1628250006.657495 44.694598 -40.804527 -0.424707 -0.000034 -0.003388 0.507447 0.861676
1628250006.757585 44.695749 -40.802726 -0.425223 -0.000035 -0.003777 0.507548 0.861615
1628250006.857886 44.698361 -40.805975 -0.424721 -0.000037 -0.003743 0.507575 0.861599
1628250006.957951 44.697093 -40.807006 -0.425884 0.000006 -0.003955 0.507689 0.861531
1628250007.057975 44.697102 -40.807255 -0.426167 0.000049 -0.003825 0.507741 0.861501
1628250007.157934 44.693534 -40.807038 -0.424702 0.000049 -0.003798 0.507833 0.861447
1628250007.257875 44.692088 -40.806015 -0.424978 -0.000057 -0.003760 0.507825 0.861452
1628250007.357914 44.687747 -40.809943 -0.424328 -0.000177 -0.003580 0.507733 0.861507
1628250007.459031 44.687673 -40.813687 -0.424467 -0.000029 -0.003609 0.507896 0.861411
1628250007.559240 44.689610 -40.814394 -0.426616 0.000073 -0.003984 0.507950 0.861378
1628250007.659454 44.688830 -40.811776 -0.426494 0.000126 -0.003611 0.507926 0.861393
1628250007.759629 44.689583 -40.813213 -0.425159 0.000000 -0.003765 0.508025 0.861334
1628250007.859839 44.689556 -40.816624 -0.424741 0.000220 -0.003756 0.508017 0.861339
1628250007.960039 44.691403 -40.812982 -0.424058 0.000096 -0.003717 0.508214 0.861223
1628250008.060223 44.693881 -40.813501 -0.426114 0.000074 -0.003810 0.508172 0.861247
1628250008.160437 44.692415 -40.817054 -0.425880 0.000123 -0.003705 0.508312 0.861165
1628250008.260648 44.690093 -40.815451 -0.426971 0.000076 -0.003856 0.508141 0.861265
1628250008.360818 44.689252 -40.816724 -0.426794 0.000023 -0.003485 0.508267 0.861192
1628250008.461025 44.684049 -40.814190 -0.427271 0.000042 -0.003851 0.508402 0.861111
1628250008.561187 44.683839 -40.814578 -0.426770 0.000142 -0.003661 0.508341 0.861148
1628250008.661411 44.683932 -40.814604 -0.425306 0.000086 -0.003754 0.508691 0.860941
1628250008.761580 44.684486 -40.816806 -0.425399 0.000099 -0.003784 0.508650 0.860965
1628250008.861823 44.683625 -40.823375 -0.425254 0.000033 -0.003718 0.508867 0.860837
1628250008.961984 44.685440 -40.829673 -0.426208 0.000076 -0.003832 0.509058 0.860724
1628250009.062187 44.683710 -40.831596 -0.426728 -0.000111 -0.003827 0.509226 0.860624
1628250009.162400 44.681558 -40.832754 -0.426697 -0.000078 -0.003668 0.509412 0.860515
1628250009.262551 44.681346 -40.838639 -0.426884 -0.000084 -0.003882 0.509730 0.860326
1628250009.362764 44.679945 -40.843779 -0.426543 -0.000157 -0.003775 0.510174 0.860063
1628250009.462977 44.675992 -40.847223 -0.425913 -0.000374 -0.003846 0.510332 0.859969
1628250009.563174 44.671269 -40.854690 -0.426061 -0.000327 -0.004080 0.510826 0.859675
1628250009.663354 44.665231 -40.860846 -0.425451 -0.000651 -0.003913 0.511137 0.859490
1628250009.763672 44.658243 -40.868691 -0.424630 -0.000543 -0.003750 0.511706 0.859152
1628250009.863842 44.656547 -40.876726 -0.425286 -0.000421 -0.003824 0.512235 0.858837
1628250009.963919 44.656441 -40.882699 -0.426098 -0.000635 -0.003774 0.512816 0.858490
1628250010.064130 44.650720 -40.889827 -0.426971 -0.000553 -0.003826 0.513378 0.858154
1628250010.164314 44.646138 -40.898596 -0.427002 -0.000611 -0.003832 0.514178 0.857675
1628250010.264518 44.643988 -40.910437 -0.426573 -0.000534 -0.003961 0.514932 0.857222
1628250010.364704 44.640911 -40.921125 -0.427430 -0.000432 -0.003983 0.516023 0.856565
1628250010.464908 44.637431 -40.938475 -0.426195 -0.000283 -0.004428 0.517218 0.855842
1628250010.565091 44.638043 -40.949385 -0.427299 0.000418 -0.006173 0.517684 0.855549
1628250010.665314 44.636917 -40.954384 -0.425931 0.000235 -0.005957 0.518221 0.855226
1628250010.765490 44.635470 -40.954297 -0.423774 -0.000154 -0.005719 0.518247 0.855212
1628250010.865731 44.634288 -40.952772 -0.424071 0.000208 -0.005912 0.518238 0.855216
1628250010.965890 44.634121 -40.945505 -0.424145 -0.000052 -0.005309 0.517836 0.855463
1628250011.066184 44.630343 -40.937973 -0.424947 -0.000084 -0.005138 0.517553 0.855636
1628250011.166649 44.629119 -40.932213 -0.425870 0.000107 -0.005388 0.517029 0.855951
1628250011.266461 44.632106 -40.924165 -0.426734 0.000008 -0.005021 0.516841 0.856067
1628250011.366670 44.635815 -40.917317 -0.425548 -0.000081 -0.004877 0.516751 0.856122
1628250011.466855 44.638087 -40.920439 -0.424635 -0.000073 -0.004524 0.516686 0.856163
1628250011.567132 44.636827 -40.927024 -0.425185 -0.000121 -0.004595 0.516901 0.856033
1628250011.667262 44.632164 -40.934857 -0.425351 -0.000109 -0.004788 0.516999 0.855973
1628250011.767796 44.632432 -40.939256 -0.425778 -0.000369 -0.004710 0.517315 0.855782
1628250011.867741 44.629351 -40.945102 -0.425828 -0.000452 -0.004626 0.517766 0.855510
1628250011.968893 44.627652 -40.953281 -0.425816 -0.000356 -0.004476 0.518335 0.855166
1628250012.068087 44.623379 -40.965415 -0.427901 -0.000669 -0.004159 0.519317 0.854571
1628250012.168240 44.617400 -40.981040 -0.426908 -0.000975 -0.003804 0.520557 0.853818
1628250012.268415 44.607724 -41.004533 -0.426334 -0.000693 -0.003125 0.522059 0.852903
1628250012.368607 44.595595 -41.028980 -0.426610 0.000026 -0.002891 0.523901 0.851774
1628250012.468811 44.578061 -41.058514 -0.426942 0.000431 -0.003132 0.525936 0.850518
1628250012.569001 44.558071 -41.088527 -0.427183 0.000561 -0.003537 0.528030 0.849218
1628250012.669206 44.535549 -41.124549 -0.428792 0.000612 -0.004579 0.529979 0.847998
1628250012.769394 44.517009 -41.156709 -0.431541 0.000219 -0.005095 0.532076 0.846681
1628250012.869589 44.503555 -41.196970 -0.431240 0.000114 -0.005369 0.533976 0.845483
1628250012.969783 44.493193 -41.231865 -0.430848 0.000540 -0.006011 0.535912 0.844252
1628250013.070001 44.487123 -41.258726 -0.431731 0.001043 -0.006520 0.537499 0.843239
1628250013.170172 44.482930 -41.280768 -0.431962 0.001320 -0.007141 0.538947 0.842308
1628250013.270381 44.478191 -41.300421 -0.437557 0.001793 -0.009091 0.539732 0.841786
1628250013.370579 44.467657 -41.309051 -0.439743 0.002015 -0.010972 0.540097 0.841529
1628250013.470782 44.462180 -41.308014 -0.437484 0.001763 -0.011498 0.539878 0.841663
1628250013.570964 44.462120 -41.294976 -0.435120 0.001305 -0.010623 0.539374 0.841998
1628250013.671149 44.465157 -41.275216 -0.434641 0.001915 -0.010295 0.539005 0.842237
1628250013.771397 44.468107 -41.253695 -0.433642 0.002302 -0.009697 0.537945 0.842921
1628250013.871557 44.478096 -41.227226 -0.431581 0.002027 -0.009455 0.536928 0.843573
1628250013.971723 44.499228 -41.187306 -0.432561 0.001704 -0.009951 0.535642 0.844385
1628250014.071964 44.521410 -41.146174 -0.432576 0.001560 -0.009716 0.534638 0.845024
1628250014.172127 44.549063 -41.097648 -0.432312 0.001876 -0.009203 0.533402 0.845809
1628250014.272350 44.576907 -41.047940 -0.429612 0.002494 -0.008389 0.532339 0.846486
1628250014.372508 44.602006 -40.991164 -0.427361 0.002081 -0.007554 0.530647 0.847557
1628250014.472728 44.628783 -40.928050 -0.425151 0.001024 -0.007395 0.528747 0.848747
1628250014.572908 44.655247 -40.865061 -0.423458 0.000325 -0.007342 0.527304 0.849645
1628250014.673100 44.686072 -40.812812 -0.422927 0.000012 -0.006269 0.525785 0.850594
1628250014.773322 44.714691 -40.763128 -0.421084 0.000490 -0.004832 0.524428 0.851441
1628250014.873499 44.738878 -40.712377 -0.422183 0.001239 -0.004629 0.523193 0.852201
1628250014.974815 44.759417 -40.664924 -0.424309 0.001430 -0.004081 0.521751 0.853087
1628250015.073904 44.780494 -40.617752 -0.422914 0.001052 -0.003579 0.520357 0.853941
1628250015.174082 44.800493 -40.577968 -0.419577 0.000401 -0.002984 0.519394 0.854529
1628250015.274330 44.816973 -40.544562 -0.419848 -0.000095 -0.002977 0.518351 0.855163
1628250015.374604 44.830189 -40.516641 -0.419486 -0.000600 -0.003162 0.517701 0.855555
1628250015.474714 44.837171 -40.496298 -0.420594 -0.000779 -0.003172 0.517016 0.855970
1628250015.574856 44.844553 -40.484489 -0.421110 -0.000674 -0.003357 0.516475 0.856295
1628250015.675042 44.851749 -40.478208 -0.421263 -0.000172 -0.003284 0.516267 0.856421
1628250015.775394 44.854750 -40.476871 -0.422824 0.000014 -0.003482 0.516136 0.856500
1628250015.874573 44.852333 -40.473980 -0.423292 -0.000050 -0.003432 0.515954 0.856609
1628250015.975629 44.850848 -40.472642 -0.422694 -0.000173 -0.003708 0.516010 0.856575
1628250016.075844 44.851638 -40.470240 -0.423067 0.000108 -0.003922 0.515901 0.856639
1628250016.176036 44.850653 -40.466025 -0.423639 0.000250 -0.004207 0.516003 0.856576
1628250016.276246 44.848941 -40.464504 -0.421923 0.000338 -0.004063 0.516060 0.856543
1628250016.376555 44.849023 -40.466848 -0.421664 0.000138 -0.004049 0.516236 0.856437
1628250016.476637 44.849025 -40.470617 -0.421190 0.000162 -0.004202 0.516102 0.856517
1628250016.576911 44.847480 -40.472212 -0.421063 0.000159 -0.004150 0.516037 0.856556
1628250016.676998 44.849076 -40.471880 -0.421396 0.000245 -0.004201 0.515967 0.856598
1628250016.777200 44.848903 -40.475367 -0.423119 0.000222 -0.004085 0.516061 0.856542
1628250016.877436 44.845413 -40.476671 -0.424416 0.000157 -0.004185 0.515999 0.856579
1628250016.977864 44.848221 -40.475918 -0.424156 0.000115 -0.004163 0.515959 0.856603
1628250017.077795 44.848681 -40.471569 -0.424200 0.000336 -0.004217 0.515946 0.856611
1628250017.178946 44.852006 -40.473276 -0.424980 0.000204 -0.004185 0.515790 0.856705
1628250017.278183 44.849384 -40.472611 -0.422680 0.000000 -0.003963 0.515992 0.856584
1628250017.379783 44.850010 -40.472226 -0.422165 -0.000156 -0.003786 0.516054 0.856548
1628250017.478565 44.847079 -40.473808 -0.424185 -0.000052 -0.003763 0.516231 0.856441
1628250017.579151 44.845987 -40.480660 -0.424392 -0.000341 -0.003431 0.516515 0.856271
1628250017.678977 44.837814 -40.490381 -0.423614 -0.000581 -0.003317 0.517111 0.855912
1628250017.779150 44.832077 -40.503756 -0.421181 -0.000943 -0.003282 0.517968 0.855393
1628250017.879353 44.823949 -40.516931 -0.419388 -0.001165 -0.002838 0.519520 0.854453
1628250017.979606 44.812296 -40.538668 -0.419856 -0.001190 -0.002482 0.521400 0.853308
1628250018.079761 44.800857 -40.563344 -0.420212 -0.000852 -0.002246 0.524281 0.851542
1628250018.179935 44.788134 -40.597341 -0.422250 -0.000264 -0.001979 0.527927 0.849287
1628250018.280124 44.774717 -40.637823 -0.423762 -0.000093 -0.001974 0.532704 0.846299
1628250018.380411 44.752924 -40.684807 -0.424440 0.000097 -0.002670 0.538316 0.842739
1628250018.480514 44.729796 -40.739707 -0.425447 -0.000809 -0.002970 0.544675 0.838642
1628250018.580718 44.713155 -40.789194 -0.423119 -0.001385 -0.003192 0.552193 0.833709
1628250018.680922 44.699718 -40.842808 -0.423501 -0.001103 -0.003430 0.559991 0.828491
1628250018.781146 44.686134 -40.902605 -0.424106 -0.000845 -0.003834 0.568449 0.822709
1628250018.881314 44.673326 -40.960173 -0.424124 -0.001250 -0.003926 0.577865 0.816122
1628250018.981507 44.657268 -41.014126 -0.425168 -0.001646 -0.004156 0.587593 0.809144
1628250019.081706 44.649315 -41.070112 -0.426482 -0.001598 -0.004679 0.596922 0.802284
1628250019.181901 44.637783 -41.132962 -0.427215 -0.000918 -0.005191 0.606457 0.795099
1628250019.282083 44.628309 -41.194636 -0.428590 -0.000297 -0.005535 0.616518 0.787322
1628250019.382618 44.617982 -41.256294 -0.428866 -0.001093 -0.005283 0.626888 0.779091
1628250019.482556 44.610598 -41.318169 -0.429202 -0.001983 -0.006272 0.636934 0.770890
1628250019.582830 44.600447 -41.384302 -0.429512 -0.002370 -0.007830 0.646904 0.762528
1628250019.683068 44.593168 -41.455732 -0.431844 -0.002471 -0.008873 0.657470 0.753425
1628250019.783052 44.588326 -41.522863 -0.433029 -0.002401 -0.008814 0.667937 0.744162
1628250019.883253 44.590298 -41.592291 -0.434659 -0.001485 -0.009997 0.678135 0.734868
1628250019.983459 44.593524 -41.661350 -0.436969 -0.001121 -0.011098 0.688170 0.725464
1628250020.083644 44.597566 -41.730786 -0.439101 -0.001295 -0.011232 0.698850 0.715179
1628250020.183949 44.602604 -41.801035 -0.438846 -0.001157 -0.010468 0.708861 0.705269
1628250020.284045 44.605051 -41.869813 -0.436783 -0.001221 -0.008143 0.719356 0.694593
1628250020.384224 44.611931 -41.934861 -0.437252 -0.000739 -0.007198 0.729629 0.683805
1628250020.484419 44.619991 -41.998464 -0.440306 -0.000041 -0.007504 0.739998 0.672567
1628250020.587618 44.627852 -42.066044 -0.441386 -0.000032 -0.008430 0.750443 0.660882
1628250020.684810 44.642646 -42.130567 -0.442879 -0.002035 -0.008394 0.760388 0.649412
1628250020.784993 44.659988 -42.196804 -0.442444 -0.003845 -0.008737 0.769907 0.638084
1628250020.885192 44.678032 -42.269250 -0.442366 -0.003713 -0.009477 0.778706 0.627306
1628250020.985412 44.698557 -42.337107 -0.442384 -0.002068 -0.009456 0.787713 0.615967
1628250021.085410 44.726059 -42.402728 -0.441575 -0.001713 -0.008298 0.796632 0.604405
1628250021.185442 44.756202 -42.464408 -0.441165 -0.001560 -0.007835 0.805584 0.592428
1628250021.285395 44.790323 -42.524335 -0.440759 -0.001683 -0.008293 0.814292 0.580394
1628250021.385345 44.817281 -42.585465 -0.445102 -0.002809 -0.008714 0.822866 0.568161
1628250021.485380 44.846534 -42.643329 -0.445498 -0.002872 -0.009450 0.830919 0.556306
1628250021.585444 44.876814 -42.697861 -0.446437 -0.002167 -0.009714 0.838870 0.544241
1628250021.686764 44.903450 -42.757968 -0.446413 -0.001707 -0.009933 0.846963 0.531556
1628250021.787082 44.940536 -42.812500 -0.447626 -0.002612 -0.010593 0.854702 0.519005
1628250021.887153 44.981516 -42.866901 -0.445786 -0.002949 -0.011534 0.862164 0.506490
1628250021.987352 45.019141 -42.922016 -0.446403 -0.002601 -0.011943 0.869435 0.493896
1628250022.087595 45.068869 -42.974551 -0.445316 -0.002479 -0.011607 0.876754 0.480793
1628250022.187745 45.113004 -43.033539 -0.445636 -0.002673 -0.011852 0.883145 0.468942
1628250022.288251 45.151112 -43.088857 -0.446335 -0.003006 -0.012407 0.888531 0.458639
1628250022.388123 45.185137 -43.134947 -0.448178 -0.002236 -0.012488 0.891408 0.453024
1628250022.488381 45.215644 -43.175122 -0.449652 -0.001202 -0.011803 0.892989 0.449922
1628250022.588543 45.238857 -43.212850 -0.447784 -0.000608 -0.011437 0.893428 0.449060
1628250022.688975 45.256346 -43.247931 -0.448594 0.000168 -0.011845 0.892901 0.450096
1628250022.788919 45.264376 -43.267986 -0.449849 0.001758 -0.012629 0.892261 0.451341
1628250022.889105 45.270404 -43.277041 -0.451485 0.004076 -0.012882 0.891807 0.452214
1628250022.989335 45.267775 -43.272077 -0.454087 0.005225 -0.012814 0.892063 0.451699
1628250023.089503 45.259922 -43.258338 -0.454515 0.004249 -0.012027 0.892737 0.450397
1628250023.191556 45.243580 -43.235542 -0.453348 0.004516 -0.012772 0.894270 0.447323
1628250023.289905 45.227027 -43.200841 -0.454705 0.005195 -0.013914 0.896534 0.442726
1628250023.394567 45.201342 -43.150605 -0.453237 0.004454 -0.014025 0.899836 0.435981
1628250023.490280 45.170772 -43.097149 -0.449236 0.003740 -0.013312 0.904009 0.427290
1628250023.590559 45.129133 -43.039831 -0.449391 0.003977 -0.012237 0.908911 0.416791
1628250023.690671 45.085007 -42.974832 -0.450230 0.003798 -0.012199 0.914359 0.404702
1628250023.790856 45.029004 -42.906485 -0.448491 0.003738 -0.012139 0.920417 0.390731
1628250023.891082 44.969229 -42.824329 -0.446600 0.003783 -0.011420 0.926819 0.375316
1628250023.991278 44.899352 -42.737280 -0.444040 0.003931 -0.010671 0.932487 0.361025
1628250024.091487 44.813317 -42.649784 -0.442471 0.002690 -0.009495 0.937057 0.349036
1628250024.192485 44.715408 -42.562535 -0.445148 0.002328 -0.009265 0.941128 0.337915
1628250024.291843 44.612862 -42.476350 -0.449068 0.002402 -0.009029 0.945198 0.326363
1628250024.392055 44.505478 -42.393468 -0.449016 0.001477 -0.008064 0.948174 0.317645
1628250024.492236 44.397928 -42.307127 -0.447866 0.000995 -0.007813 0.950409 0.310903
1628250024.592424 44.290673 -42.230048 -0.445684 0.000438 -0.007809 0.951903 0.306300
1628250024.693157 44.183438 -42.150098 -0.445189 0.000127 -0.008137 0.952811 0.303455
1628250024.792818 44.073607 -42.072255 -0.445050 0.000638 -0.008103 0.953005 0.302845
1628250024.893020 43.965100 -41.991457 -0.442882 -0.000877 -0.008069 0.953038 0.302742
1628250024.993241 43.853195 -41.916419 -0.443869 -0.000926 -0.008154 0.952990 0.302891
1628250025.093409 43.743533 -41.845902 -0.445223 -0.000153 -0.008492 0.952726 0.303712
1628250025.193619 43.638013 -41.774220 -0.447014 -0.000731 -0.007954 0.952505 0.304419
1628250025.293791 43.532636 -41.707008 -0.448563 -0.001128 -0.008022 0.952408 0.304718
1628250025.394010 43.433848 -41.641441 -0.446503 -0.000511 -0.008149 0.952379 0.304807
1628250025.494182 43.332315 -41.571679 -0.443563 -0.000335 -0.008244 0.952347 0.304904
1628250025.594389 43.235645 -41.502630 -0.440523 -0.000814 -0.007869 0.952339 0.304938
1628250025.694676 43.137494 -41.434438 -0.440253 -0.000499 -0.008011 0.952437 0.304629
1628250025.794765 43.047689 -41.364769 -0.443486 0.001159 -0.008793 0.952492 0.304435
1628250025.895281 42.952878 -41.302017 -0.446958 0.001643 -0.009196 0.952492 0.304420
1628250025.995167 42.859442 -41.238769 -0.446004 0.001493 -0.009282 0.952584 0.304130
1628250026.095367 42.761997 -41.175941 -0.446167 0.001808 -0.009713 0.952617 0.304011
1628250026.195582 42.665771 -41.112153 -0.446708 0.002128 -0.010428 0.952723 0.303655
1628250026.295802 42.568826 -41.043584 -0.445563 0.001748 -0.010013 0.952800 0.303429
1628250026.395940 42.471140 -40.974396 -0.442688 0.001859 -0.010048 0.952826 0.303346
1628250026.496135 42.374098 -40.908682 -0.442395 0.001583 -0.010502 0.952936 0.302987
1628250026.596408 42.275658 -40.840029 -0.441891 0.001274 -0.011487 0.952999 0.302753
1628250026.696548 42.179782 -40.769002 -0.442197 0.001832 -0.011986 0.953168 0.302199
1628250026.796719 42.076302 -40.699115 -0.439861 0.001161 -0.011364 0.953243 0.301988
1628250026.896925 41.972356 -40.628340 -0.439253 -0.000260 -0.011191 0.953452 0.301337
1628250026.998882 41.851616 -40.552538 -0.438390 -0.000539 -0.011724 0.953485 0.301212
1628250027.097319 41.737848 -40.476118 -0.437276 -0.000395 -0.011514 0.953682 0.300596
1628250027.197496 41.620190 -40.394494 -0.438374 -0.000992 -0.011065 0.953803 0.300226
1628250027.297687 41.503992 -40.313301 -0.437328 -0.000935 -0.011595 0.953869 0.299996
1628250027.397892 41.384300 -40.228718 -0.439292 0.000019 -0.012419 0.954240 0.298784
1628250027.498141 41.258123 -40.148153 -0.441444 -0.000550 -0.011530 0.954318 0.298568
1628250027.598289 41.132400 -40.064370 -0.441441 -0.001674 -0.010809 0.954648 0.297534
1628250027.698473 41.006021 -39.983640 -0.441654 -0.000028 -0.010780 0.954905 0.296717
1628250027.798663 40.876916 -39.901020 -0.443292 0.000568 -0.011435 0.954985 0.296432
1628250027.899107 40.747590 -39.818039 -0.442644 -0.000200 -0.011760 0.955174 0.295812
1628250027.999069 40.615680 -39.726771 -0.442011 0.000473 -0.012197 0.955416 0.295011
1628250028.099262 40.482470 -39.635727 -0.439642 0.000906 -0.011383 0.955513 0.294728
1628250028.199493 40.348543 -39.545616 -0.437658 -0.000825 -0.010742 0.955530 0.294699
1628250028.299650 40.213512 -39.453647 -0.435748 -0.000172 -0.011427 0.955688 0.294160
1628250028.399840 40.073132 -39.358847 -0.436571 0.001487 -0.011778 0.955763 0.293897
1628250028.500040 39.932542 -39.269630 -0.439165 0.000396 -0.011159 0.955804 0.293793
1628250028.600521 39.793705 -39.178513 -0.436036 0.000480 -0.011064 0.955912 0.293444
1628250028.700423 39.654939 -39.090147 -0.431812 0.001857 -0.011148 0.955896 0.293489
1628250028.800621 39.523191 -39.004964 -0.429875 0.001274 -0.011560 0.955902 0.293455
1628250028.900841 39.387609 -38.916918 -0.430907 0.002201 -0.011494 0.956049 0.292972
1628250029.001015 39.256295 -38.828251 -0.432190 0.003547 -0.011720 0.956005 0.293096
1628250029.101217 39.125138 -38.741473 -0.432770 0.001695 -0.011158 0.956024 0.293070
1628250029.201618 38.992718 -38.647929 -0.430085 0.001615 -0.011208 0.956126 0.292737
1628250029.301624 38.859750 -38.559336 -0.429358 0.002598 -0.011668 0.956119 0.292735
1628250029.402007 38.719174 -38.472733 -0.428340 0.001104 -0.010876 0.956105 0.292821
1628250029.501991 38.585294 -38.384295 -0.424742 0.002011 -0.011131 0.956171 0.292591
1628250029.602192 38.450829 -38.294987 -0.422692 0.003444 -0.011831 0.956171 0.292550
1628250029.702383 38.311545 -38.206176 -0.423579 0.002198 -0.011550 0.956077 0.292879
1628250029.802635 38.175339 -38.118336 -0.421588 0.002589 -0.011614 0.955945 0.293306
1628250029.902814 38.034841 -38.030842 -0.422995 0.003826 -0.012004 0.955412 0.295007
1628250030.003070 37.892728 -37.945290 -0.424610 0.002862 -0.012229 0.954714 0.297261
1628250030.103182 37.749070 -37.854724 -0.423370 0.003206 -0.012609 0.953858 0.299976
1628250030.203360 37.608123 -37.762485 -0.418467 0.003232 -0.012297 0.952721 0.303580
1628250030.303683 37.463200 -37.661917 -0.415638 0.001808 -0.012458 0.951481 0.307451
1628250030.403780 37.318242 -37.562679 -0.408229 0.002827 -0.012756 0.950286 0.311103
1628250030.503938 37.172437 -37.465120 -0.405387 0.003724 -0.013062 0.948903 0.315276
1628250030.604180 37.020336 -37.361548 -0.406589 0.002435 -0.013170 0.947496 0.319486
1628250030.704394 36.879911 -37.260866 -0.406928 0.002966 -0.013347 0.946080 0.323644
1628250030.804525 36.733430 -37.159877 -0.405849 0.003495 -0.013850 0.944502 0.328196
1628250030.904740 36.589579 -37.055016 -0.405983 0.002775 -0.013662 0.943009 0.332475
1628250031.004919 36.446055 -36.952638 -0.405253 0.003305 -0.014018 0.941374 0.337058
1628250031.108746 36.295071 -36.842051 -0.401465 0.003076 -0.014134 0.939654 0.341821
1628250031.205309 36.154004 -36.735449 -0.396180 0.004468 -0.014452 0.938063 0.346134
1628250031.306055 36.008579 -36.614358 -0.396361 0.006616 -0.014981 0.936595 0.350030
1628250031.405701 35.864547 -36.491869 -0.394449 0.007040 -0.014783 0.934549 0.355457
1628250031.505907 35.716753 -36.371632 -0.390128 0.006622 -0.014888 0.932827 0.359957
1628250031.606119 35.567088 -36.249115 -0.389136 0.002799 -0.014636 0.931016 0.364674
1628250031.706279 35.420424 -36.121557 -0.380748 -0.000577 -0.012443 0.928970 0.369945
1628250031.806489 35.271749 -35.995508 -0.378081 -0.005171 -0.011283 0.927067 0.374690
1628250031.906672 35.124131 -35.863894 -0.372516 -0.003220 -0.012264 0.925040 0.379659
1628250032.006878 34.985423 -35.730626 -0.374416 0.001001 -0.014022 0.922958 0.384643
1628250032.108870 34.838919 -35.592873 -0.377351 0.002622 -0.014996 0.920560 0.390305
1628250032.207283 34.697904 -35.459854 -0.378144 0.001707 -0.015024 0.918491 0.395154
1628250032.307458 34.553112 -35.323377 -0.382344 0.002296 -0.015590 0.916289 0.400208
1628250032.407648 34.409065 -35.181539 -0.383105 0.002667 -0.015685 0.914064 0.405258
1628250032.507870 34.267953 -35.033517 -0.378356 0.001841 -0.014815 0.911888 0.410168
1628250032.608041 34.128268 -34.887118 -0.371083 0.002870 -0.014898 0.909475 0.415481
1628250032.708240 33.988322 -34.739500 -0.364545 0.003723 -0.015584 0.907476 0.419799
1628250032.808438 33.860142 -34.587909 -0.359087 0.002753 -0.014928 0.905699 0.423650
1628250032.908617 33.735232 -34.432608 -0.358531 0.001718 -0.014529 0.904297 0.426653
1628250033.008837 33.610271 -34.281017 -0.359000 0.001855 -0.014740 0.902909 0.429574
1628250033.109040 33.483333 -34.129299 -0.360128 0.001108 -0.014007 0.901200 0.433176
1628250033.209214 33.353641 -33.984628 -0.354835 0.000416 -0.013822 0.899728 0.436232
1628250033.309426 33.223170 -33.831877 -0.349384 0.001283 -0.014547 0.897955 0.439845
1628250033.409608 33.090131 -33.674141 -0.345416 0.001098 -0.013894 0.896729 0.442361
1628250033.509821 32.948393 -33.516014 -0.342936 0.000327 -0.013482 0.895162 0.445537
1628250033.610042 32.807930 -33.356349 -0.341918 0.000567 -0.013023 0.893713 0.448449
1628250033.710217 32.667493 -33.195105 -0.342903 0.001816 -0.013485 0.892293 0.451251
1628250033.810390 32.546813 -33.026429 -0.340717 0.001655 -0.012939 0.890780 0.454247
1628250033.911141 32.424854 -32.859347 -0.334143 0.001623 -0.012331 0.889468 0.456828
1628250034.010795 32.308337 -32.698107 -0.327789 0.002903 -0.012417 0.887807 0.460039
1628250034.110985 32.191906 -32.532947 -0.325565 0.003583 -0.011681 0.886400 0.462759
1628250034.211176 32.081677 -32.370907 -0.323742 0.003726 -0.010685 0.884928 0.465591
1628250034.311407 31.965347 -32.212435 -0.324346 0.004611 -0.010319 0.883950 0.467444
1628250034.411603 31.841914 -32.052071 -0.320909 0.005329 -0.009699 0.884046 0.467269
1628250034.511774 31.717341 -31.887485 -0.318319 0.004139 -0.008704 0.884830 0.465815
1628250034.611997 31.587961 -31.730170 -0.310604 0.004306 -0.007851 0.886401 0.462831
1628250034.712499 31.464350 -31.560074 -0.306514 0.003783 -0.007603 0.889127 0.457582
1628250034.812334 31.334338 -31.387452 -0.304702 0.002540 -0.007529 0.891739 0.452480
1628250034.912543 31.209828 -31.214592 -0.303742 0.001952 -0.007974 0.894852 0.446287
1628250035.012760 31.088290 -31.047851 -0.305047 0.002337 -0.008395 0.897724 0.440471
1628250035.112918 30.973070 -30.874804 -0.300112 0.003360 -0.008924 0.901162 0.433377
1628250035.213139 30.858515 -30.707271 -0.298823 0.004195 -0.009419 0.903884 0.427654
1628250035.313339 30.732376 -30.553322 -0.296896 0.004324 -0.008516 0.906718 0.421630
1628250035.413680 30.601622 -30.402481 -0.295446 0.004187 -0.007749 0.909348 0.415943
1628250035.513702 30.474446 -30.259820 -0.294915 0.003253 -0.006842 0.912370 0.409297
1628250035.613899 30.341813 -30.111237 -0.293288 0.002628 -0.005409 0.915442 0.402405
1628250035.714095 30.201291 -29.970969 -0.290751 0.002040 -0.005144 0.917938 0.396684
1628250035.814291 30.060013 -29.817784 -0.286712 0.001869 -0.005613 0.920926 0.389693
1628250035.914484 29.919595 -29.663500 -0.284453 0.001870 -0.005535 0.923690 0.383095
1628250036.014725 29.771771 -29.505854 -0.282556 0.001764 -0.004603 0.926388 0.376539
1628250036.114937 29.625903 -29.349882 -0.280933 0.001319 -0.004639 0.929233 0.369463
1628250036.215471 29.475914 -29.200356 -0.278609 0.000649 -0.004881 0.931764 0.363032
1628250036.315444 29.318871 -29.052456 -0.277232 -0.000184 -0.004629 0.934586 0.355708
1628250036.415473 29.166534 -28.908649 -0.275889 -0.000860 -0.004839 0.936941 0.349453
1628250036.515675 29.011069 -28.764224 -0.272829 -0.000425 -0.006053 0.939191 0.343340
1628250036.615942 28.859598 -28.626122 -0.272001 0.000090 -0.005852 0.941656 0.336526
1628250036.716071 28.705019 -28.493162 -0.272593 -0.000159 -0.006144 0.943672 0.330824
1628250036.816243 28.550575 -28.364727 -0.276744 0.000380 -0.006847 0.945363 0.325948
1628250036.916456 28.393739 -28.236853 -0.278422 -0.000547 -0.007114 0.946067 0.323893
1628250037.016654 28.239472 -28.110533 -0.278955 -0.001586 -0.008374 0.945750 0.324783
1628250037.116907 28.076967 -27.989696 -0.278076 -0.001986 -0.009007 0.944310 0.328928
1628250037.217043 27.924396 -27.868739 -0.274441 -0.001201 -0.009941 0.942566 0.333870
1628250037.317232 27.756225 -27.749631 -0.274171 -0.001679 -0.011228 0.939852 0.341394
1628250037.417423 27.596785 -27.620092 -0.273561 -0.001435 -0.011805 0.937749 0.347110
1628250037.517609 27.439715 -27.496554 -0.273070 -0.000754 -0.012505 0.935940 0.351938
1628250037.617813 27.270560 -27.364625 -0.273406 -0.001283 -0.011960 0.934214 0.356511
1628250037.717997 27.103320 -27.226490 -0.273985 -0.001699 -0.012021 0.932783 0.360234
1628250037.818204 26.940188 -27.089951 -0.271858 -0.001663 -0.011815 0.931077 0.364627
1628250037.918435 26.775653 -26.955613 -0.267174 -0.000807 -0.012213 0.929619 0.368319
1628250038.018589 26.614174 -26.816402 -0.264695 -0.000863 -0.012063 0.927974 0.372449
1628250038.118772 26.456942 -26.675424 -0.263371 -0.001378 -0.011863 0.926610 0.375834
1628250038.218977 26.301426 -26.538450 -0.264376 -0.001090 -0.012272 0.925011 0.379740
1628250038.319171 26.149814 -26.396437 -0.268206 -0.002033 -0.011971 0.923536 0.383319
1628250038.419378 26.001070 -26.249707 -0.268214 -0.002050 -0.011707 0.921977 0.387063
1628250038.519621 25.852933 -26.102690 -0.266248 -0.001707 -0.011430 0.920432 0.390731
1628250038.619765 25.704432 -25.954101 -0.262402 -0.002545 -0.011419 0.918933 0.394240
1628250038.719946 25.551232 -25.807649 -0.258039 -0.004137 -0.011133 0.917537 0.397472
1628250038.820159 25.400257 -25.660761 -0.256701 -0.003777 -0.010930 0.916129 0.400718
1628250038.920351 25.250641 -25.510224 -0.257382 -0.002432 -0.011744 0.914691 0.403976
1628250039.020538 25.101104 -25.363273 -0.258362 -0.002805 -0.012160 0.913323 0.407045
1628250039.120711 24.953011 -25.210934 -0.261716 -0.001899 -0.012363 0.912018 0.409960
1628250039.221847 24.804026 -25.059725 -0.265678 -0.000959 -0.012695 0.910471 0.413376
1628250039.320988 24.663016 -24.904666 -0.261570 -0.001319 -0.012647 0.909055 0.416482
1628250039.420985 24.526999 -24.748469 -0.254028 -0.001390 -0.012189 0.907460 0.419960
1628250039.520878 24.389586 -24.597808 -0.250390 -0.000586 -0.012082 0.906145 0.422794
1628250039.621039 24.254156 -24.445313 -0.248751 -0.000393 -0.012271 0.904487 0.426325
1628250039.720994 24.117772 -24.288549 -0.246994 -0.000349 -0.012355 0.903183 0.429078
1628250039.822076 23.978060 -24.125702 -0.247774 0.000946 -0.012326 0.901786 0.432006
1628250039.922262 23.839532 -23.964321 -0.246298 0.000122 -0.012039 0.900289 0.435125
1628250040.022485 23.708948 -23.804453 -0.245403 -0.001253 -0.010733 0.898959 0.437900
1628250040.122679 23.582879 -23.646532 -0.243121 -0.001461 -0.010654 0.897362 0.441163
1628250040.222909 23.454408 -23.486863 -0.239004 -0.000683 -0.010571 0.895941 0.444048
1628250040.323072 23.319238 -23.323599 -0.236183 -0.001158 -0.010659 0.894263 0.447413
1628250040.425051 23.188674 -23.155563 -0.239341 -0.001341 -0.010728 0.892925 0.450075
1628250040.523481 23.059326 -22.993659 -0.241559 -0.001116 -0.010542 0.891369 0.453154
1628250040.623661 22.926023 -22.823909 -0.241002 -0.001536 -0.010039 0.889821 0.456196
1628250040.723848 22.797091 -22.653294 -0.238105 -0.001304 -0.009978 0.888658 0.458460
1628250040.825118 22.668259 -22.480782 -0.232227 -0.001269 -0.010041 0.887096 0.461475
1628250040.924262 22.541633 -22.308855 -0.228053 -0.000662 -0.010266 0.886336 0.462928
1628250041.024461 22.416175 -22.142409 -0.225330 0.000019 -0.010253 0.885272 0.464960
1628250041.124632 22.288580 -21.975926 -0.227030 0.000729 -0.010446 0.884666 0.466109
1628250041.225143 22.164765 -21.804345 -0.227275 0.000607 -0.010176 0.883890 0.467584
1628250041.325034 22.043297 -21.630151 -0.226657 0.000058 -0.009801 0.883190 0.468913
1628250041.425454 21.922509 -21.455579 -0.225879 0.000493 -0.009923 0.883576 0.468183
1628250041.525410 21.806903 -21.293737 -0.222197 0.000082 -0.008794 0.884737 0.466007
1628250041.625677 21.689257 -21.119039 -0.217957 -0.000666 -0.007511 0.887141 0.461437
1628250041.725797 21.571199 -20.943195 -0.214580 -0.000782 -0.006645 0.890118 0.455681
1628250041.825995 21.446389 -20.775943 -0.214234 -0.000006 -0.006564 0.893879 0.448261
1628250041.926204 21.325763 -20.607517 -0.212985 0.000535 -0.005790 0.898344 0.439254
1628250042.026411 21.201308 -20.438245 -0.210401 0.000965 -0.005453 0.902967 0.429675
1628250042.126625 21.075299 -20.267537 -0.209258 0.001856 -0.005056 0.907454 0.420116
1628250042.226802 20.947672 -20.099833 -0.208588 0.002084 -0.004560 0.911829 0.410540
1628250042.326977 20.814826 -19.931874 -0.207257 0.001969 -0.004113 0.916208 0.400677
1628250042.427228 20.680924 -19.769985 -0.203914 0.002206 -0.003744 0.920325 0.391130
1628250042.527397 20.539406 -19.618032 -0.202722 0.001920 -0.003122 0.924467 0.381243
1628250042.627577 20.398200 -19.466839 -0.203077 0.002368 -0.002204 0.928565 0.371155
1628250042.727793 20.254548 -19.318510 -0.203761 0.002271 -0.002021 0.932505 0.361145
1628250042.827994 20.107714 -19.171037 -0.202772 0.002363 -0.002013 0.936485 0.350694
1628250042.928160 19.955348 -19.030217 -0.198531 0.001645 -0.001206 0.939603 0.342261
1628250043.028346 19.797302 -18.894119 -0.196228 0.001367 -0.001860 0.942858 0.333187
1628250043.128542 19.638562 -18.758624 -0.194848 0.000841 -0.001485 0.945921 0.324393
1628250043.228807 19.474884 -18.628641 -0.190568 0.000411 -0.001167 0.948402 0.317067
1628250043.328938 19.309672 -18.501415 -0.192224 -0.000153 -0.001295 0.949656 0.313292
1628250043.429194 19.142931 -18.377522 -0.191941 -0.000573 -0.001321 0.949748 0.313013
1628250043.529319 18.973120 -18.255395 -0.190223 -0.000717 -0.003135 0.949251 0.314502
1628250043.629545 18.809841 -18.140823 -0.192115 -0.000857 -0.003966 0.948166 0.317749
1628250043.729708 18.646834 -18.029335 -0.192415 -0.000818 -0.004376 0.946429 0.322880
1628250043.829920 18.482204 -17.912016 -0.192829 -0.000613 -0.005043 0.944148 0.329483
1628250043.930102 18.313134 -17.787981 -0.193730 0.000388 -0.005627 0.941794 0.336144
1628250044.030609 18.142103 -17.661967 -0.193900 0.000505 -0.005556 0.938873 0.344218
1628250044.130500 17.968876 -17.531561 -0.192598 -0.000425 -0.006270 0.935705 0.352729
1628250044.230695 17.802575 -17.396299 -0.192233 -0.000123 -0.006585 0.932526 0.361043
1628250044.330917 17.639304 -17.257357 -0.189826 0.000550 -0.007771 0.928528 0.371181
1628250044.431095 17.479694 -17.119689 -0.185700 0.002592 -0.008757 0.924764 0.380432
1628250044.531279 17.321264 -16.985339 -0.182921 0.007672 -0.011161 0.920606 0.390258
1628250044.631473 17.171279 -16.837763 -0.185252 0.008816 -0.011635 0.916372 0.400062
1628250044.731714 17.031202 -16.688671 -0.189121 0.002616 -0.010367 0.912222 0.409557
1628250044.831871 16.890531 -16.532084 -0.192413 -0.004346 -0.006702 0.907835 0.419251
1628250044.932055 16.749673 -16.377684 -0.183826 -0.003382 -0.004754 0.903403 0.428752
1628250045.032306 16.607926 -16.230941 -0.181084 0.001379 -0.005773 0.897702 0.440563
1628250045.132441 16.464566 -16.075489 -0.168362 0.000377 -0.006292 0.892254 0.451490
1628250045.232643 16.328865 -15.911553 -0.168542 -0.005782 -0.005412 0.885827 0.463949
1628250045.333043 16.196209 -15.749506 -0.165280 -0.003646 -0.008114 0.880038 0.474819
1628250045.433053 16.069753 -15.587808 -0.167762 0.001647 -0.012849 0.873642 0.486397
1628250045.533236 15.952882 -15.441155 -0.169951 0.001074 -0.013940 0.868095 0.496201
1628250045.633437 15.839472 -15.268765 -0.172441 -0.001378 -0.012217 0.861648 0.507357
1628250045.733618 15.739696 -15.102121 -0.173909 0.000250 -0.011248 0.855769 0.517236
1628250045.836031 15.635495 -14.914581 -0.166840 0.001339 -0.011176 0.849339 0.527728
1628250045.934012 15.528978 -14.736150 -0.166401 0.000298 -0.010287 0.843640 0.536810
1628250046.034204 15.427290 -14.551383 -0.164788 0.000703 -0.010087 0.838814 0.544325
1628250046.134415 15.328309 -14.365161 -0.159295 0.000464 -0.009849 0.834309 0.551209
1628250046.234923 15.236349 -14.179037 -0.157563 -0.000547 -0.009294 0.829824 0.557947
1628250046.334784 15.142560 -13.993020 -0.152734 -0.001051 -0.008911 0.825875 0.563782
1628250046.434987 15.058067 -13.805184 -0.149011 -0.001083 -0.009365 0.823151 0.567744
1628250046.535342 14.979857 -13.620240 -0.147641 -0.001164 -0.009151 0.822335 0.568929
1628250046.636339 14.909397 -13.438281 -0.147751 -0.002054 -0.007874 0.822858 0.568188
1628250046.735651 14.844835 -13.269937 -0.146712 -0.003274 -0.006634 0.825217 0.564767
1628250046.837342 14.786541 -13.114268 -0.146455 -0.003094 -0.004086 0.828196 0.560415
1628250046.935971 14.734653 -12.970816 -0.142812 -0.003750 -0.001870 0.830499 0.557004
1628250047.036157 14.688147 -12.843310 -0.138295 -0.004297 -0.000056 0.834015 0.551725
1628250047.136348 14.645893 -12.731026 -0.133422 -0.003955 0.000664 0.837963 0.545712
1628250047.236551 14.608293 -12.641269 -0.130014 -0.003818 0.001207 0.841668 0.539980
1628250047.336752 14.580843 -12.563792 -0.129072 -0.004964 0.001010 0.844828 0.535015
1628250047.437833 14.559017 -12.506318 -0.128352 -0.004344 -0.000048 0.848379 0.529371
1628250047.537146 14.544312 -12.463661 -0.128270 -0.003501 -0.000742 0.850843 0.525408
1628250047.637332 14.533382 -12.426352 -0.129795 -0.003261 -0.000668 0.853277 0.521448
1628250047.737546 14.525970 -12.400248 -0.130944 -0.002426 -0.001024 0.854930 0.518737
1628250047.838891 14.517769 -12.378625 -0.130861 -0.001460 -0.002273 0.856494 0.516149
1628250047.937916 14.509071 -12.360004 -0.130387 -0.001268 -0.002983 0.857639 0.514242
1628250048.038112 14.502271 -12.343106 -0.130050 -0.001377 -0.003930 0.858658 0.512532
1628250048.138310 14.493946 -12.335640 -0.131711 0.000194 -0.005117 0.859608 0.510928
1628250048.238496 14.484678 -12.322045 -0.133381 0.003329 -0.007181 0.861268 0.508090
1628250048.338706 14.471166 -12.299450 -0.132609 0.004957 -0.008868 0.863494 0.504257
1628250048.438895 14.457255 -12.267762 -0.134677 0.005972 -0.010032 0.866921 0.498308
1628250048.539096 14.435665 -12.224420 -0.136004 0.006231 -0.011211 0.871446 0.490323
1628250048.639276 14.411386 -12.170048 -0.135021 0.005434 -0.012186 0.877017 0.480275
1628250048.739493 14.380759 -12.104444 -0.135564 0.006348 -0.012861 0.884136 0.467009
1628250048.839718 14.344601 -12.032267 -0.134489 0.007468 -0.012072 0.891850 0.452108
1628250048.939910 14.298390 -11.948678 -0.137177 0.007008 -0.009926 0.899906 0.435915
1628250049.040123 14.247693 -11.865448 -0.137854 0.008457 -0.008074 0.908848 0.416964
1628250049.140261 14.186037 -11.782616 -0.130003 0.009990 -0.008784 0.917890 0.396612
1628250049.240444 14.113450 -11.687357 -0.131083 0.010802 -0.009835 0.926981 0.374825
1628250049.340665 14.039531 -11.594875 -0.124051 0.012079 -0.009734 0.936071 0.351470
1628250049.440838 13.957136 -11.496808 -0.123268 0.014179 -0.008486 0.945164 0.326177
1628250049.541072 13.870544 -11.399696 -0.117495 0.013027 -0.005750 0.953285 0.301737
1628250049.641229 13.768398 -11.299511 -0.118258 0.005338 -0.000526 0.960557 0.278031
1628250049.741423 13.660907 -11.199455 -0.112607 -0.000453 0.002599 0.967546 0.252683
1628250049.841634 13.542809 -11.114934 -0.107469 -0.003217 0.002711 0.973490 0.228689
1628250049.941818 13.419662 -11.035710 -0.108220 -0.004485 0.002139 0.979082 0.203404
1628250050.042031 13.287993 -10.962599 -0.118209 -0.002357 0.003072 0.983891 0.178726
1628250050.142205 13.159840 -10.899346 -0.123636 0.000370 0.003674 0.988216 0.153020
1628250050.242408 13.025456 -10.837382 -0.119983 -0.000697 0.003529 0.991573 0.129496
1628250050.342643 12.889038 -10.783493 -0.116167 -0.003108 0.002033 0.994464 0.105009
1628250050.442787 12.749072 -10.739187 -0.114097 -0.002517 0.000460 0.996743 0.080599
1628250050.543004 12.606901 -10.698332 -0.115503 -0.002608 0.000481 0.998394 0.056595
1628250050.643211 12.461783 -10.667060 -0.117262 -0.004720 0.001931 0.999452 0.032715
1628250050.743399 12.318340 -10.639806 -0.121114 -0.004633 0.002857 0.999941 0.009390
1628250050.843582 12.172168 -10.626989 -0.120936 -0.005432 0.002694 0.999898 -0.012906
1628250050.943784 12.031941 -10.619349 -0.123832 -0.007437 0.002625 0.999344 -0.035334
1628250051.043959 11.894792 -10.617652 -0.125996 -0.007273 0.002809 0.998276 -0.058179
1628250051.144164 11.770337 -10.623159 -0.124532 -0.007233 0.002423 0.996799 -0.079580
1628250051.244361 11.644494 -10.630498 -0.128015 -0.007719 0.002035 0.994792 -0.101610
1628250051.344540 11.522709 -10.638603 -0.132884 -0.007357 0.002754 0.992330 -0.123363
1628250051.444756 11.402330 -10.656451 -0.130302 -0.008289 0.002696 0.989618 -0.143460
1628250051.544943 11.279319 -10.674622 -0.129084 -0.007853 0.001641 0.986473 -0.163726
1628250051.645134 11.157080 -10.702977 -0.128889 -0.007232 0.000481 0.982851 -0.184258
1628250051.745347 11.040304 -10.726575 -0.131707 -0.008100 0.000361 0.978902 -0.204169
1628250051.845549 10.920708 -10.759490 -0.135000 -0.008594 0.000874 0.974533 -0.224076
1628250051.945751 10.807626 -10.801731 -0.136718 -0.009293 0.000648 0.969704 -0.244107
1628250052.045946 10.697821 -10.855015 -0.136325 -0.010020 -0.000188 0.964361 -0.264400
1628250052.146128 10.595980 -10.909838 -0.139692 -0.011103 -0.001444 0.958562 -0.284665
1628250052.246345 10.497586 -10.967821 -0.144318 -0.012027 -0.001283 0.952216 -0.305187
1628250052.346508 10.399990 -11.024386 -0.147797 -0.012612 -0.000596 0.945482 -0.325430
1628250052.446693 10.304019 -11.079318 -0.150793 -0.012166 0.000019 0.938361 -0.345443
1628250052.546887 10.209414 -11.143125 -0.152161 -0.011415 -0.000126 0.930665 -0.365694
1628250052.647085 10.120443 -11.216355 -0.152328 -0.011646 -0.001333 0.922720 -0.385294
1628250052.747290 10.025392 -11.286372 -0.157252 -0.011610 -0.001420 0.913802 -0.405990
1628250052.847471 9.934756 -11.359582 -0.163123 -0.012979 -0.000103 0.904597 -0.426069
1628250052.947684 9.848119 -11.437737 -0.165257 -0.015752 0.000864 0.894924 -0.445940
1628250053.047898 9.762664 -11.515551 -0.167288 -0.016285 0.000861 0.884554 -0.466153
1628250053.148061 9.679793 -11.606528 -0.169942 -0.014986 0.000665 0.873324 -0.486909
1628250053.248724 9.602939 -11.702384 -0.170671 0.015158 -0.000405 -0.861138 0.508144
1628250053.348472 9.534857 -11.800695 -0.178174 0.015535 -0.001310 -0.847932 0.529875
1628250053.448657 9.470614 -11.898748 -0.183972 0.015905 -0.003212 -0.834385 0.550943
1628250053.548843 9.414947 -12.002646 -0.189092 0.016505 -0.004056 -0.820460 0.571452
1628250053.649056 9.361865 -12.109585 -0.189200 0.016482 -0.004435 -0.805029 0.592990
1628250053.749246 9.310675 -12.217931 -0.189496 0.015634 -0.004681 -0.788894 0.614313
1628250053.849452 9.268235 -12.325876 -0.192024 0.015196 -0.005204 -0.772422 0.634907
1628250053.949649 9.236976 -12.438405 -0.192437 0.015761 -0.005857 -0.754961 0.655554
1628250054.049835 9.204530 -12.547837 -0.196342 0.016501 -0.006788 -0.737162 0.675481
1628250054.150027 9.176539 -12.660756 -0.200258 0.016375 -0.007636 -0.718492 0.695300
1628250054.250314 9.155480 -12.778638 -0.199225 0.016781 -0.007042 -0.699856 0.714052
1628250054.350443 9.142310 -12.895460 -0.198488 0.016456 -0.006773 -0.681222 0.731860
1628250054.450611 9.129881 -13.004458 -0.201496 0.016621 -0.007777 -0.661327 0.749873
1628250054.550820 9.124082 -13.114936 -0.203361 0.017788 -0.007377 -0.642069 0.766405
1628250054.650989 9.127916 -13.230010 -0.205446 0.018056 -0.007166 -0.623822 0.781325
1628250054.751202 9.142434 -13.347361 -0.206678 0.017440 -0.006886 -0.608778 0.793119
1628250054.851375 9.165184 -13.466221 -0.210824 0.017201 -0.007018 -0.596081 0.802709
1628250054.951590 9.191072 -13.579535 -0.213454 0.016952 -0.007226 -0.583530 0.811882
1628250055.052187 9.218043 -13.696574 -0.214260 0.016914 -0.007327 -0.571131 0.820652
1628250055.152061 9.250930 -13.814488 -0.214386 0.017359 -0.007037 -0.558050 0.829596
1628250055.252164 9.287156 -13.927785 -0.217050 0.016722 -0.008071 -0.544821 0.838346
1628250055.352359 9.332910 -14.038561 -0.214467 0.017212 -0.008845 -0.531622 0.846761
1628250055.452556 9.375314 -14.151713 -0.215502 0.017724 -0.010165 -0.518154 0.855043
1628250055.552752 9.418364 -14.257401 -0.218026 0.017466 -0.010377 -0.505368 0.862665
1628250055.652985 9.467205 -14.361249 -0.222183 0.015408 -0.010725 -0.491920 0.870438
1628250055.753139 9.522615 -14.465500 -0.220428 0.013931 -0.012123 -0.478422 0.877936
1628250055.853643 9.573147 -14.571061 -0.222396 0.015014 -0.012625 -0.464051 0.885591
1628250055.953558 9.630014 -14.681903 -0.221525 0.018233 -0.011458 -0.449344 0.893099
1628250056.055713 9.695261 -14.782269 -0.218266 0.019759 -0.007296 -0.436731 0.899346
1628250056.154044 9.764405 -14.877387 -0.214321 0.019402 -0.002932 -0.423591 0.905641
1628250056.254271 9.842840 -14.978572 -0.215420 0.018916 -0.000885 -0.408856 0.912402
1628250056.354313 9.913262 -15.077610 -0.217819 0.020886 -0.000853 -0.393632 0.919030
1628250056.456764 9.991671 -15.175157 -0.221123 0.022312 -0.002353 -0.379332 0.924989
1628250056.554711 10.065779 -15.262785 -0.228220 0.020402 -0.005466 -0.364631 0.930912
1628250056.654969 10.147018 -15.346038 -0.229892 0.018767 -0.007091 -0.349411 0.936755
1628250056.755097 10.231528 -15.434355 -0.229317 0.019449 -0.005249 -0.334282 0.942258
1628250056.855293 10.319175 -15.519890 -0.225677 0.020222 -0.004313 -0.318655 0.947645
1628250056.955481 10.407309 -15.599880 -0.225426 0.019988 -0.004995 -0.303616 0.952572
1628250057.055702 10.500707 -15.677797 -0.225182 0.020085 -0.004762 -0.288071 0.957387
1628250057.155884 10.594380 -15.752068 -0.225327 0.020252 -0.005500 -0.272735 0.961860
1628250057.256266 10.690670 -15.822067 -0.228216 0.019937 -0.005986 -0.257680 0.966006
1628250057.356263 10.790303 -15.887600 -0.232814 0.019309 -0.006142 -0.242405 0.969963
1628250057.456480 10.887853 -15.954419 -0.232564 0.018557 -0.006537 -0.227504 0.973578
1628250057.556605 10.988884 -16.015277 -0.233851 0.019237 -0.006274 -0.214263 0.976566
1628250057.657218 11.094743 -16.074483 -0.230754 0.019408 -0.006115 -0.203520 0.978859
1628250057.758692 11.199768 -16.137591 -0.228415 0.018208 -0.005500 -0.195697 0.980480
1628250057.857257 11.313929 -16.185441 -0.227281 0.016840 -0.005800 -0.190208 0.981582
1628250057.957393 11.429059 -16.226893 -0.230746 0.016353 -0.005292 -0.187967 0.982025
1628250058.057650 11.541363 -16.262571 -0.230925 0.017075 -0.004942 -0.187338 0.982135
1628250058.157478 11.652050 -16.300789 -0.229450 0.017091 -0.005072 -0.188227 0.981964
1628250058.258630 11.763371 -16.341545 -0.227459 0.016256 -0.006074 -0.190334 0.981566
1628250058.357278 11.868402 -16.373687 -0.224468 0.015625 -0.005835 -0.193187 0.981020
1628250058.458367 11.976388 -16.401414 -0.225421 0.015641 -0.005784 -0.195854 0.980491
1628250058.558612 12.076734 -16.428433 -0.227980 0.015873 -0.006049 -0.198169 0.980021
1628250058.658864 12.182016 -16.472846 -0.225917 0.016094 -0.006461 -0.201618 0.979311
1628250058.758997 12.289709 -16.521350 -0.224319 0.015874 -0.005843 -0.204524 0.978715
1628250058.859193 12.397192 -16.570509 -0.223557 0.015729 -0.005255 -0.207238 0.978150
1628250058.959384 12.507602 -16.621144 -0.225371 0.015525 -0.004790 -0.209622 0.977648
1628250059.059575 12.609815 -16.662911 -0.227345 0.015586 -0.004804 -0.211521 0.977237
1628250059.159961 12.717557 -16.709454 -0.226205 0.016062 -0.004827 -0.213445 0.976811
1628250059.260226 12.824399 -16.756416 -0.223991 0.016171 -0.004754 -0.215556 0.976346
1628250059.360242 12.928212 -16.805267 -0.222807 0.015911 -0.004995 -0.217698 0.975874
1628250059.460378 13.034947 -16.852835 -0.223405 0.015576 -0.004860 -0.219825 0.975403
1628250059.560652 13.138626 -16.902630 -0.224507 0.015522 -0.004883 -0.221307 0.975068
1628250059.660922 13.245156 -16.948097 -0.225224 0.015527 -0.004861 -0.223370 0.974598
1628250059.760950 13.352772 -16.993618 -0.223217 0.015324 -0.004441 -0.225076 0.974210
1628250059.862799 13.457602 -17.041186 -0.225336 0.014407 -0.004820 -0.228055 0.973530
1628250059.961341 13.560933 -17.081132 -0.224557 0.013874 -0.005409 -0.231136 0.972807
1628250060.061590 13.666833 -17.112411 -0.224430 0.014055 -0.005117 -0.235302 0.971807
1628250060.161730 13.760974 -17.149200 -0.224412 0.014151 -0.005177 -0.241065 0.970392
1628250060.261931 13.860733 -17.194971 -0.222904 0.013495 -0.004970 -0.247436 0.968798
1628250060.362134 13.960266 -17.249931 -0.221602 0.013097 -0.004661 -0.254274 0.967032
1628250060.462893 14.063738 -17.309218 -0.220533 0.013089 -0.004625 -0.261109 0.965210
1628250060.562549 14.165302 -17.368805 -0.220908 0.013542 -0.004282 -0.267747 0.963385
1628250060.663188 14.267134 -17.425413 -0.219846 0.014228 -0.004028 -0.274747 0.961403
1628250060.762909 14.366009 -17.481880 -0.223452 0.013948 -0.004504 -0.281995 0.959304
1628250060.863154 14.461562 -17.542019 -0.223337 0.013833 -0.004174 -0.288846 0.957267
1628250060.963496 14.558484 -17.601513 -0.222423 0.014024 -0.004005 -0.295403 0.955261
1628250061.063591 14.652905 -17.654047 -0.219805 0.014390 -0.004162 -0.302134 0.953148
1628250061.163738 14.745946 -17.708940 -0.221034 0.013779 -0.004089 -0.309109 0.950918
1628250061.263980 14.838850 -17.762019 -0.221408 0.013181 -0.004520 -0.315912 0.948686
1628250061.364150 14.928008 -17.821205 -0.221602 0.013409 -0.004239 -0.322729 0.946387
1628250061.464276 15.017324 -17.879080 -0.221091 0.014044 -0.003654 -0.329348 0.944097
1628250061.564616 15.099795 -17.934697 -0.221230 0.014142 -0.003102 -0.336676 0.941509
1628250061.664965 15.185480 -17.990963 -0.223188 0.012879 -0.003868 -0.343791 0.938950
1628250061.768715 15.272595 -18.049600 -0.223434 0.012464 -0.004046 -0.350760 0.936374
1628250061.865068 15.349926 -18.110778 -0.219048 0.013324 -0.002383 -0.357279 0.933900
1628250061.965549 15.434490 -18.186243 -0.220660 0.013276 -0.002023 -0.360369 0.932713
1628250062.065445 15.511290 -18.257902 -0.224893 0.012243 -0.002626 -0.360945 0.932503
1628250062.165673 15.587540 -18.340290 -0.227024 0.012867 -0.001931 -0.356735 0.934115
1628250062.266119 15.664239 -18.421858 -0.226882 0.014615 -0.001550 -0.350254 0.936539
1628250062.366036 15.741065 -18.505910 -0.231440 0.015357 -0.003964 -0.340791 0.940005
1628250062.466614 15.826723 -18.582388 -0.230809 0.015064 -0.005369 -0.330687 0.943605
1628250062.566934 15.907404 -18.654929 -0.230493 0.013708 -0.005207 -0.319596 0.947441
1628250062.668038 15.986786 -18.725623 -0.231170 0.012781 -0.005393 -0.307269 0.951521
1628250062.768802 16.060412 -18.808519 -0.233471 0.013319 -0.005795 -0.297420 0.954636
1628250062.867075 16.138111 -18.872438 -0.234047 0.013817 -0.006091 -0.288200 0.957451
1628250062.967380 16.230676 -18.923987 -0.235745 0.013310 -0.005577 -0.281875 0.959343
1628250063.067429 16.324149 -18.974022 -0.233464 0.012109 -0.005131 -0.277957 0.960503
1628250063.167613 16.419277 -19.020044 -0.229308 0.011769 -0.004510 -0.277597 0.960615
1628250063.267800 16.510819 -19.071542 -0.228473 0.012154 -0.004834 -0.278137 0.960452
1628250063.368142 16.608351 -19.118328 -0.226681 0.011730 -0.004682 -0.280980 0.959631
1628250063.468188 16.700637 -19.162500 -0.230887 0.010842 -0.004812 -0.284378 0.958639
1628250063.568671 16.789004 -19.215819 -0.227565 0.010450 -0.005229 -0.289826 0.957008
1628250063.668580 16.879167 -19.272984 -0.226502 0.010775 -0.005605 -0.296271 0.955027
1628250063.768761 16.979287 -19.331843 -0.224161 0.010862 -0.005999 -0.303372 0.952791
1628250063.868962 17.082936 -19.397774 -0.224711 0.009873 -0.006052 -0.312224 0.949938
1628250063.969172 17.189986 -19.473431 -0.226220 0.008840 -0.006180 -0.320215 0.947284
1628250064.069336 17.299173 -19.545281 -0.228685 0.008482 -0.006447 -0.328550 0.944427
1628250064.169582 17.402469 -19.620094 -0.228166 0.008719 -0.006755 -0.334752 0.942242
1628250064.270219 17.512655 -19.700715 -0.228007 0.008962 -0.005916 -0.341074 0.939975
1628250064.369923 17.625276 -19.789405 -0.225897 0.009656 -0.005162 -0.346641 0.937934
1628250064.470193 17.739571 -19.879780 -0.227338 0.009973 -0.004740 -0.352694 0.935673
1628250064.570762 17.855105 -19.975945 -0.227845 0.009484 -0.004818 -0.358862 0.933330
1628250064.670583 17.973434 -20.076418 -0.228924 0.008629 -0.005400 -0.364667 0.931082
1628250064.770716 18.093255 -20.179495 -0.231144 0.009495 -0.005654 -0.370803 0.928646
1628250064.870919 18.216434 -20.287300 -0.233814 0.010441 -0.004388 -0.377690 0.925863
1628250064.971101 18.340619 -20.401316 -0.234789 0.009644 -0.003986 -0.383731 0.923386
1628250065.071359 18.469109 -20.505160 -0.235297 0.009504 -0.003941 -0.389602 0.920926
1628250065.171486 18.597989 -20.619464 -0.232898 0.010154 -0.002284 -0.396225 0.918095
1628250065.271679 18.727736 -20.743979 -0.234488 0.009833 -0.001907 -0.401761 0.915690
1628250065.371889 18.856898 -20.873754 -0.233827 0.010306 -0.001967 -0.407611 0.913095
1628250065.472072 18.986793 -21.010669 -0.238671 0.009856 -0.002200 -0.413677 0.910368
1628250065.572277 19.118477 -21.148938 -0.239216 0.009282 -0.001561 -0.419229 0.907832
1628250065.672502 19.247042 -21.291661 -0.238811 0.009619 -0.000579 -0.425251 0.905024
1628250065.772715 19.375397 -21.437478 -0.238024 0.009641 -0.001136 -0.431239 0.902185
1628250065.872884 19.502936 -21.572073 -0.242772 0.008917 -0.001907 -0.436582 0.899618
1628250065.973092 19.625731 -21.721188 -0.245626 0.008788 -0.002084 -0.442642 0.896653
1628250066.073378 19.747534 -21.871585 -0.248604 0.008630 -0.002225 -0.448098 0.893940
1628250066.173444 19.863974 -22.021362 -0.252735 0.008810 -0.002862 -0.453986 0.890961
1628250066.273643 19.982235 -22.167772 -0.255267 0.008445 -0.002489 -0.460064 0.887842
1628250066.373858 20.094945 -22.319396 -0.253814 0.009530 -0.000408 -0.465894 0.884789
1628250066.474047 20.207847 -22.470464 -0.250865 0.010068 0.000760 -0.472587 0.881226
1628250066.574226 20.322473 -22.618584 -0.252608 0.009457 0.000079 -0.478999 0.877764
1628250066.674423 20.433404 -22.771641 -0.256130 0.008972 0.000217 -0.486382 0.873700
1628250066.774941 20.537030 -22.925150 -0.260372 0.008521 0.000335 -0.492970 0.870005
1628250066.874843 20.642162 -23.075493 -0.261379 0.008767 -0.000238 -0.499259 0.866408
1628250066.975138 20.748288 -23.227734 -0.261440 0.008460 -0.000857 -0.504500 0.863370
1628250067.075201 20.836295 -23.388332 -0.264045 0.008114 -0.001298 -0.500904 0.865464
1628250067.175407 20.912926 -23.558000 -0.263553 0.009678 -0.002089 -0.491110 0.871041
1628250067.275592 20.990342 -23.730456 -0.265424 0.011566 -0.003320 -0.477561 0.878516
1628250067.376214 21.072693 -23.897801 -0.265659 0.013529 -0.004213 -0.461377 0.887091
1628250067.475979 21.160091 -24.058853 -0.268960 0.014773 -0.003546 -0.444925 0.895439
1628250067.576190 21.262957 -24.212792 -0.271227 0.015830 -0.002647 -0.426407 0.904389
1628250067.676471 21.374217 -24.356820 -0.274534 0.016922 -0.003230 -0.405371 0.913990
1628250067.776575 21.489945 -24.492377 -0.279231 0.017126 -0.004019 -0.385531 0.922527
1628250067.876858 21.611248 -24.625786 -0.281522 0.017269 -0.004827 -0.364433 0.931057
1628250067.977252 21.734607 -24.753274 -0.283127 0.017886 -0.005199 -0.343362 0.939019
1628250068.077156 21.862387 -24.872915 -0.280659 0.017461 -0.004617 -0.322934 0.946249
1628250068.177350 21.994436 -24.990187 -0.280477 0.017689 -0.004518 -0.303894 0.952531
1628250068.277589 22.133361 -25.100680 -0.281782 0.017838 -0.004270 -0.287248 0.957681
1628250068.377746 22.274508 -25.207212 -0.281829 0.017153 -0.003966 -0.273133 0.961815
1628250068.477939 22.421033 -25.312232 -0.283251 0.016354 -0.004540 -0.260179 0.965411
1628250068.578200 22.564362 -25.412428 -0.284713 0.016123 -0.004723 -0.251246 0.967778
1628250068.678341 22.709393 -25.505005 -0.284590 0.015324 -0.004852 -0.245446 0.969277
1628250068.778535 22.862257 -25.585502 -0.282220 0.014941 -0.004362 -0.242391 0.970054
1628250068.878742 23.020842 -25.662300 -0.281315 0.013965 -0.003805 -0.240861 0.970452
1628250068.978962 23.176354 -25.737140 -0.284124 0.013293 -0.004215 -0.239810 0.970720
1628250069.079110 23.331348 -25.813017 -0.284630 0.012375 -0.004314 -0.238704 0.971004
1628250069.179355 23.491013 -25.888225 -0.284839 0.011956 -0.004480 -0.238289 0.971110
1628250069.279561 23.653848 -25.968771 -0.283866 0.012194 -0.004939 -0.237565 0.971283
1628250069.379697 23.809341 -26.048992 -0.282367 0.011922 -0.004806 -0.236817 0.971469
1628250069.479894 23.963582 -26.129056 -0.282461 0.011450 -0.005389 -0.236336 0.971589
1628250069.580145 24.120492 -26.211557 -0.281470 0.010932 -0.006392 -0.235453 0.971803
1628250069.680289 24.281452 -26.294229 -0.280611 0.011073 -0.006022 -0.234883 0.971942
1628250069.780476 24.439114 -26.377547 -0.279470 0.011174 -0.005517 -0.234023 0.972151
1628250069.880667 24.604176 -26.460620 -0.278931 0.010968 -0.005610 -0.233228 0.972344
1628250069.980890 24.766689 -26.541609 -0.279372 0.010577 -0.005262 -0.232427 0.972542
1628250070.081096 24.924328 -26.614081 -0.282352 0.010232 -0.006126 -0.231182 0.972837
1628250070.181289 25.081485 -26.692008 -0.280426 0.010356 -0.005645 -0.229967 0.973127
1628250070.281453 25.243035 -26.772374 -0.278273 0.010531 -0.004459 -0.229239 0.973303
1628250070.381654 25.407462 -26.851188 -0.277226 0.010485 -0.003748 -0.228455 0.973491
1628250070.481855 25.574818 -26.934069 -0.274241 0.009712 -0.004040 -0.227392 0.973747
1628250070.582052 25.745806 -27.017718 -0.273500 0.009891 -0.004042 -0.226386 0.973979
1628250070.682241 25.921340 -27.104701 -0.271565 0.009903 -0.002849 -0.225789 0.974122
1628250070.782449 26.100118 -27.186433 -0.273145 0.009325 -0.002719 -0.224745 0.974369
1628250070.882663 26.275728 -27.269906 -0.274194 0.008876 -0.003724 -0.220767 0.975279
1628250070.983054 26.449886 -27.358757 -0.273287 0.009726 -0.004358 -0.209532 0.977744
1628250071.083023 26.625757 -27.443237 -0.275078 0.010985 -0.004439 -0.194033 0.980923
1628250071.183213 26.807045 -27.524832 -0.277431 0.012385 -0.004962 -0.175493 0.984390
1628250071.283429 26.988263 -27.607620 -0.276964 0.014328 -0.005013 -0.155352 0.987743
1628250071.383570 27.164622 -27.683987 -0.275925 0.015472 -0.004364 -0.136473 0.990513
1628250071.483791 27.347377 -27.750898 -0.277877 0.015395 -0.004570 -0.127549 0.991702
1628250071.584034 27.537542 -27.800190 -0.278460 0.013111 -0.005111 -0.128732 0.991580
1628250071.684186 27.730215 -27.842354 -0.278683 0.009307 -0.004769 -0.138344 0.990329
1628250071.784435 27.928419 -27.880912 -0.279970 0.006846 -0.003735 -0.150293 0.988611
1628250071.884587 28.125019 -27.924774 -0.276457 0.004187 -0.002241 -0.164868 0.986304
1628250071.984765 28.327516 -27.971306 -0.272104 0.002523 -0.001376 -0.179756 0.983707
1628250072.085051 28.521821 -28.028627 -0.271502 0.001387 -0.001219 -0.195702 0.980662
1628250072.185314 28.718531 -28.097600 -0.271189 0.000833 -0.001140 -0.212380 0.977186
1628250072.284370 28.912740 -28.171083 -0.273922 0.000148 -0.000678 -0.229919 0.973209
1628250072.385549 29.099368 -28.251972 -0.271233 -0.000857 -0.000470 -0.248299 0.968683
1628250072.485726 29.284957 -28.335946 -0.270542 -0.001984 0.000189 -0.266998 0.963695
1628250072.586036 29.470913 -28.417115 -0.270386 -0.002455 0.000797 -0.285563 0.958357
1628250072.686125 29.652468 -28.506195 -0.270204 -0.002962 0.002526 -0.303049 0.952967
1628250072.786330 29.824735 -28.609253 -0.270244 -0.003120 0.003502 -0.317956 0.948094
1628250072.886572 29.984088 -28.714608 -0.272177 -0.003205 0.003766 -0.328798 0.944387
1628250072.987661 30.138690 -28.827794 -0.272859 -0.002414 0.004382 -0.338892 0.940812
1628250073.087005 30.288883 -28.941462 -0.271815 -0.002056 0.003716 -0.347249 0.937763
1628250073.187115 30.436185 -29.058813 -0.271763 -0.001791 0.004163 -0.354745 0.934952
1628250073.287311 30.583660 -29.177349 -0.274470 -0.001858 0.004777 -0.362139 0.932110
1628250073.388077 30.733236 -29.295136 -0.276515 -0.001179 0.005985 -0.368807 0.929486
1628250073.487718 30.875319 -29.415303 -0.278253 -0.000463 0.007261 -0.375931 0.926619
1628250073.587915 31.009546 -29.534724 -0.281138 -0.000267 0.006816 -0.382126 0.924085
1628250073.688202 31.138418 -29.653688 -0.282675 0.000200 0.007157 -0.388217 0.921540
1628250073.788374 31.254072 -29.772344 -0.284398 0.000352 0.008675 -0.394055 0.919046
1628250073.888495 31.366762 -29.883842 -0.285933 0.000210 0.007688 -0.398643 0.917074
1628250073.988675 31.470579 -29.992654 -0.288788 0.000968 0.007111 -0.403166 0.915099
1628250074.088871 31.571913 -30.096454 -0.289797 0.000888 0.007226 -0.407550 0.913154
1628250074.189090 31.668482 -30.194681 -0.291045 0.000575 0.007058 -0.411350 0.911450
1628250074.289262 31.753949 -30.289388 -0.292422 0.001429 0.007493 -0.414172 0.910167
1628250074.389761 31.839510 -30.378314 -0.291025 0.002215 0.008121 -0.417748 0.908524
1628250074.490175 31.925902 -30.464240 -0.291253 0.001685 0.007869 -0.420423 0.907293
1628250074.590565 32.002955 -30.549689 -0.293702 0.001781 0.007655 -0.423257 0.905976
1628250074.690056 32.075564 -30.626763 -0.295413 0.002544 0.007796 -0.425612 0.904868
1628250074.790254 32.147640 -30.701286 -0.296958 0.002543 0.007639 -0.428377 0.903564
1628250074.890429 32.211407 -30.776985 -0.298736 0.001563 0.007421 -0.430995 0.902322
1628250074.990625 32.274127 -30.849754 -0.300163 0.001496 0.007743 -0.433420 0.901157
1628250075.090827 32.330744 -30.918986 -0.301118 0.002252 0.007531 -0.435616 0.900098
1628250075.191025 32.383177 -30.985171 -0.303129 0.002987 0.007002 -0.437371 0.899249
1628250075.291233 32.433620 -31.048312 -0.305597 0.003188 0.007254 -0.439576 0.898171
1628250075.391411 32.487127 -31.110396 -0.308055 0.002092 0.007357 -0.441641 0.897159
1628250075.491605 32.535451 -31.168852 -0.307781 0.001183 0.007420 -0.443426 0.896280
1628250075.591808 32.580788 -31.226948 -0.309448 0.001537 0.006855 -0.445088 0.895459
1628250075.692009 32.626006 -31.293358 -0.309000 0.002238 0.006633 -0.446934 0.894540
1628250075.792201 32.676776 -31.353200 -0.308472 0.003219 0.006463 -0.448377 0.893815
1628250075.892542 32.722526 -31.413577 -0.308966 0.002813 0.006438 -0.450220 0.892890
1628250075.992582 32.770047 -31.477668 -0.310102 0.001352 0.006357 -0.452055 0.891966
1628250076.092778 32.821073 -31.534791 -0.311855 0.000720 0.006709 -0.453552 0.891204
1628250076.192973 32.869863 -31.598794 -0.312870 0.000953 0.006031 -0.455319 0.890307
1628250076.294787 32.921990 -31.665878 -0.313532 0.001467 0.005008 -0.457014 0.889444
1628250076.393387 32.976969 -31.732680 -0.313468 0.002177 0.004651 -0.458415 0.888724
1628250076.493652 33.032184 -31.802424 -0.315720 0.001550 0.004647 -0.460147 0.887829
1628250076.593749 33.084464 -31.875858 -0.317501 0.000458 0.004772 -0.462350 0.886685
1628250076.694381 33.138562 -31.947888 -0.318341 0.000110 0.005408 -0.463956 0.885842
1628250076.794155 33.194382 -32.021412 -0.320841 0.000365 0.004829 -0.465756 0.884900
1628250076.896475 33.250224 -32.099962 -0.322106 0.001556 0.004239 -0.467499 0.883982
1628250076.994531 33.303814 -32.177449 -0.322733 0.001809 0.004857 -0.469602 0.882863
1628250077.094994 33.365931 -32.258655 -0.325393 0.000603 0.004693 -0.471806 0.881690
1628250077.194987 33.431765 -32.344389 -0.324287 -0.000115 0.005231 -0.473788 0.880623
1628250077.295135 33.495471 -32.438624 -0.323791 0.000283 0.005688 -0.475698 0.879590
1628250077.395312 33.560421 -32.539394 -0.321566 0.002034 0.005412 -0.477673 0.878519
1628250077.495554 33.628251 -32.643455 -0.322647 0.002489 0.004920 -0.480359 0.877054
1628250077.595708 33.701588 -32.745763 -0.324648 0.002362 0.005449 -0.482376 0.875944
1628250077.695919 33.766302 -32.843683 -0.330289 0.002000 0.005731 -0.484620 0.874704
1628250077.796093 33.823626 -32.935646 -0.333511 0.002721 0.005491 -0.486377 0.873727
1628250077.896756 33.881567 -33.016577 -0.336112 0.003915 0.005966 -0.488466 0.872554
1628250077.996504 33.936095 -33.099845 -0.337630 0.004247 0.005913 -0.490462 0.871432
1628250078.096686 33.987543 -33.174319 -0.338778 0.005274 0.006908 -0.492010 0.870546
1628250078.196881 34.028676 -33.243750 -0.336583 0.005870 0.007205 -0.493544 0.869671
1628250078.297081 34.066425 -33.307020 -0.336411 0.007021 0.007080 -0.494422 0.869165
1628250078.397278 34.100949 -33.360511 -0.336258 0.007662 0.007396 -0.495648 0.868458
1628250078.497473 34.129001 -33.408907 -0.338936 0.007281 0.007114 -0.497039 0.867669
1628250078.597685 34.150780 -33.450784 -0.340339 0.006412 0.007180 -0.497965 0.867144
1628250078.697850 34.174699 -33.487085 -0.340833 0.006321 0.007654 -0.498705 0.866715
1628250078.798134 34.195471 -33.521701 -0.339393 0.006375 0.007348 -0.499474 0.866274
1628250078.898253 34.216085 -33.555059 -0.340253 0.006711 0.006830 -0.499985 0.865981
1628250078.998457 34.231010 -33.576715 -0.340557 0.006627 0.006288 -0.500614 0.865622
1628250079.098659 34.243548 -33.590875 -0.340173 0.006513 0.006124 -0.501136 0.865323
1628250079.198823 34.252179 -33.602640 -0.341490 0.006368 0.006463 -0.501376 0.865182
1628250079.299090 34.253395 -33.607693 -0.340822 0.006557 0.006074 -0.501585 0.865062
1628250079.399222 34.256433 -33.609504 -0.338296 0.006114 0.005333 -0.501783 0.864956
1628250079.499456 34.263057 -33.620340 -0.340589 0.005472 0.003854 -0.502049 0.864813
1628250079.599624 34.272806 -33.636198 -0.341915 0.005489 0.003754 -0.502434 0.864590
1628250079.702140 34.287894 -33.657752 -0.341392 0.005599 0.003895 -0.502747 0.864407
1628250079.800185 34.299282 -33.685066 -0.341782 0.005646 0.003593 -0.503006 0.864257
1628250079.900312 34.314889 -33.715832 -0.344267 0.005549 0.003434 -0.503536 0.863950
1628250080.000430 34.338953 -33.757297 -0.345098 0.005119 0.003341 -0.503990 0.863688
1628250080.100620 34.363898 -33.799410 -0.345297 0.004599 0.003492 -0.505078 0.863054
1628250080.200811 34.396330 -33.845464 -0.344286 0.004118 0.003542 -0.505735 0.862672
1628250080.300990 34.429543 -33.894344 -0.345200 0.004407 0.004841 -0.506451 0.862244
1628250080.401272 34.462639 -33.941620 -0.345879 0.004157 0.005378 -0.507126 0.861845
1628250080.501369 34.492101 -33.987722 -0.346954 0.004058 0.005091 -0.507712 0.861502
1628250080.602436 34.521898 -34.039865 -0.348717 0.004842 0.005574 -0.508599 0.860972
1628250080.701768 34.547525 -34.088904 -0.350788 0.005857 0.006496 -0.509073 0.860679
1628250080.801988 34.570679 -34.138033 -0.350170 0.006377 0.006549 -0.509944 0.860159
1628250080.902158 34.592795 -34.184832 -0.349961 0.006430 0.006458 -0.510672 0.859728
1628250081.002370 34.617697 -34.226286 -0.351233 0.006219 0.007029 -0.511461 0.859255
1628250081.102553 34.640177 -34.263314 -0.352912 0.006006 0.007517 -0.511969 0.858950
1628250081.202755 34.658363 -34.293215 -0.354636 0.005721 0.008011 -0.512435 0.858669
1628250081.302928 34.672672 -34.317705 -0.355027 0.005939 0.007945 -0.512916 0.858381
1628250081.403141 34.682921 -34.340219 -0.352860 0.006325 0.007960 -0.513301 0.858148
1628250081.503343 34.693792 -34.361008 -0.351741 0.006689 0.007665 -0.513627 0.857953
1628250081.603589 34.701649 -34.376316 -0.352554 0.006507 0.007470 -0.513940 0.857769
1628250081.703722 34.702817 -34.387768 -0.353138 0.006301 0.007582 -0.514082 0.857684
1628250081.803908 34.704567 -34.390623 -0.353198 0.006207 0.007664 -0.514049 0.857704
1628250081.904505 34.703895 -34.389175 -0.354298 0.006311 0.007469 -0.514105 0.857672
1628250082.004376 34.697619 -34.384374 -0.353901 0.006064 0.007088 -0.514299 0.857560
1628250082.104495 34.699439 -34.376245 -0.355736 0.005939 0.006936 -0.514129 0.857664
1628250082.204689 34.698983 -34.370519 -0.356012 0.005717 0.007015 -0.514038 0.857720
1628250082.304879 34.700980 -34.370187 -0.354327 0.005628 0.006910 -0.514006 0.857740
1628250082.405083 34.703362 -34.367059 -0.354732 0.005865 0.006831 -0.513789 0.857870
1628250082.505274 34.706645 -34.369504 -0.355049 0.005672 0.006824 -0.513822 0.857851
1628250082.605464 34.708081 -34.373487 -0.355235 0.005768 0.006995 -0.513886 0.857811
1628250082.705707 34.705955 -34.375964 -0.355720 0.005710 0.006832 -0.513995 0.857747
1628250082.805859 34.706948 -34.374721 -0.355640 0.005801 0.006902 -0.513896 0.857805
1628250082.906059 34.706401 -34.374357 -0.355044 0.005727 0.006925 -0.513954 0.857771
1628250083.006249 34.703006 -34.375024 -0.354398 0.005953 0.006928 -0.513979 0.857754
1628250083.106452 34.701290 -34.374724 -0.355036 0.005808 0.006989 -0.513949 0.857773
1628250083.206659 34.700488 -34.376894 -0.355199 0.005967 0.006957 -0.513911 0.857795
1628250083.308740 34.704332 -34.374059 -0.352361 0.005772 0.006893 -0.513913 0.857795
1628250083.407046 34.704505 -34.374177 -0.352539 0.005740 0.006859 -0.513924 0.857789
1628250083.507226 34.701145 -34.374259 -0.353205 0.005446 0.006580 -0.513839 0.857844
1628250083.607495 34.703913 -34.373675 -0.354961 0.004849 0.005645 -0.513988 0.857765
1628250083.707625 34.705629 -34.379079 -0.356528 0.004384 0.005260 -0.514346 0.857556
1628250083.807837 34.712166 -34.392254 -0.357718 0.003674 0.004206 -0.514467 0.857492
1628250083.908019 34.723268 -34.415060 -0.359332 0.002590 0.002663 -0.514966 0.857203
1628250084.008208 34.740670 -34.448914 -0.359330 0.002204 0.001879 -0.515423 0.856931
1628250084.108395 34.764742 -34.493576 -0.360562 0.002793 0.001330 -0.515714 0.856755
1628250084.208608 34.793778 -34.547757 -0.361372 0.003780 0.001394 -0.516067 0.856539
1628250084.308836 34.831622 -34.614238 -0.360040 0.003486 0.000581 -0.516755 0.856126
1628250084.408986 34.873973 -34.683832 -0.360917 0.002569 0.000052 -0.517184 0.855871
1628250084.509175 34.920835 -34.764582 -0.363009 0.002668 0.000947 -0.517803 0.855495
1628250084.609390 34.966309 -34.850286 -0.363793 0.002805 0.000521 -0.517921 0.855424
1628250084.709569 35.013432 -34.938040 -0.363394 0.004341 -0.000661 -0.517690 0.855557
1628250084.809769 35.059504 -35.033307 -0.364091 0.006297 -0.001067 -0.517077 0.855915
1628250084.909992 35.107447 -35.129866 -0.364080 0.006403 -0.002984 -0.515794 0.856684
1628250085.010192 35.163270 -35.227344 -0.367979 0.005896 -0.003614 -0.512795 0.858483
1628250085.110820 35.220855 -35.327926 -0.369920 0.005559 -0.003379 -0.508061 0.861296
1628250085.210549 35.273058 -35.432189 -0.369748 0.006618 -0.003313 -0.502519 0.864534
1628250085.310906 35.323021 -35.543088 -0.372182 0.008718 -0.001794 -0.496106 0.868216
1628250085.410948 35.377819 -35.655867 -0.376337 0.010575 -0.000171 -0.487600 0.873003
1628250085.511154 35.437765 -35.770288 -0.376894 0.012688 0.002445 -0.477039 0.878787
1628250085.611334 35.497453 -35.881486 -0.374610 0.013495 0.001590 -0.467356 0.883965
1628250085.711530 35.561472 -35.988150 -0.377897 0.013714 0.001680 -0.457253 0.889229
1628250085.811725 35.633144 -36.088199 -0.381812 0.013511 0.003686 -0.445672 0.895087
1628250085.911943 35.708412 -36.190535 -0.382571 0.012371 0.003400 -0.432131 0.901720
1628250086.012740 35.782113 -36.292983 -0.381854 0.012600 0.002050 -0.417701 0.908495
1628250086.112326 35.858427 -36.389633 -0.387373 0.014810 0.002432 -0.405730 0.913870
1628250086.212520 35.928339 -36.495448 -0.390418 0.015691 0.000924 -0.390125 0.920628
1628250086.312715 36.000336 -36.604417 -0.394694 0.015375 -0.000879 -0.375619 0.926646
1628250086.412893 36.087165 -36.701042 -0.399360 0.015891 0.001227 -0.362550 0.931828
1628250086.513088 36.167834 -36.797160 -0.399560 0.014933 0.000758 -0.349773 0.936715
1628250086.613536 36.256888 -36.881105 -0.399769 0.014191 -0.000199 -0.336255 0.941664
1628250086.713474 36.349495 -36.962357 -0.399372 0.015137 0.000526 -0.323988 0.945940
1628250086.814328 36.449112 -37.040724 -0.400431 0.015499 -0.000052 -0.311800 0.950021
1628250086.913874 36.547418 -37.115079 -0.405120 0.014654 -0.000557 -0.300479 0.953676
1628250087.014647 36.643354 -37.190314 -0.405907 0.014109 -0.000154 -0.288805 0.957284
1628250087.114268 36.743409 -37.262684 -0.405460 0.014291 0.000078 -0.280073 0.959872
1628250087.214466 36.845007 -37.332550 -0.406124 0.014348 -0.000752 -0.273722 0.961702
1628250087.314667 36.954805 -37.399748 -0.408379 0.013473 -0.000782 -0.273903 0.961663
1628250087.414853 37.072965 -37.468917 -0.408362 0.012659 -0.000849 -0.276229 0.961008
1628250087.516768 37.199615 -37.534447 -0.412605 0.011598 -0.000421 -0.283947 0.958770
1628250087.615260 37.318056 -37.605606 -0.414334 0.010902 0.000358 -0.291836 0.956406
1628250087.715556 37.445052 -37.675654 -0.418997 0.010340 0.000222 -0.301440 0.953429
1628250087.815653 37.564872 -37.752937 -0.420917 0.009986 -0.000031 -0.311526 0.950185
1628250087.915958 37.680766 -37.841172 -0.419928 0.009857 0.000158 -0.320770 0.947106
1628250088.016039 37.803501 -37.922244 -0.422048 0.008828 -0.000094 -0.331946 0.943257
1628250088.116300 37.923947 -38.011009 -0.418407 0.008114 0.000151 -0.341988 0.939669
1628250088.216434 38.046412 -38.103042 -0.419498 0.008096 0.000103 -0.352821 0.935656
1628250088.316609 38.173580 -38.197228 -0.423103 0.008123 -0.000238 -0.363935 0.931389
1628250088.416806 38.299447 -38.298947 -0.423773 0.007389 -0.000501 -0.374503 0.927196
1628250088.517035 38.422053 -38.403747 -0.421112 0.007151 -0.000248 -0.384460 0.923114
1628250088.617184 38.545605 -38.518599 -0.420794 0.007357 0.000130 -0.393368 0.919352
1628250088.717387 38.675187 -38.634441 -0.426547 0.007194 0.000378 -0.399442 0.916730
1628250088.817572 38.799317 -38.761757 -0.430944 0.008265 0.000828 -0.402486 0.915389
1628250088.917772 38.926047 -38.887048 -0.435906 0.008705 0.000723 -0.403412 0.914977
1628250089.017966 39.051178 -39.024053 -0.437191 0.008355 -0.001574 -0.401015 0.916032
1628250089.118167 39.176194 -39.163090 -0.437081 0.009410 -0.001401 -0.398159 0.917267
1628250089.218382 39.305508 -39.301733 -0.436364 0.010057 -0.001545 -0.394573 0.918808
1628250089.318553 39.432612 -39.439083 -0.438351 0.010211 -0.002185 -0.390195 0.920673
1628250089.419177 39.559492 -39.579153 -0.442040 0.010770 -0.002064 -0.386673 0.922152
1628250089.518950 39.689952 -39.720408 -0.444138 0.010609 -0.002861 -0.382069 0.924069
1628250089.619140 39.826289 -39.860089 -0.450553 0.010931 -0.002971 -0.377255 0.926040
1628250089.720748 39.962517 -40.001803 -0.455060 0.011447 -0.002612 -0.372355 0.928016
1628250089.819516 40.104949 -40.132342 -0.455250 0.012256 -0.003128 -0.367138 0.930081
1628250089.919785 40.247058 -40.268534 -0.449985 0.012569 -0.003184 -0.362658 0.931832
1628250090.019990 40.391138 -40.402438 -0.447218 0.013024 -0.004239 -0.357457 0.933829
1628250090.120105 40.532981 -40.533080 -0.450482 0.013232 -0.004775 -0.351578 0.936053
1628250090.220305 40.683583 -40.661490 -0.455932 0.013548 -0.004276 -0.346343 0.938000
1628250090.320375 40.831191 -40.788237 -0.456730 0.014121 -0.004834 -0.340962 0.939959
1628250090.420407 40.980997 -40.913020 -0.458501 0.013721 -0.005164 -0.337038 0.941377
1628250090.520478 41.132772 -41.040857 -0.457991 0.012536 -0.006318 -0.331782 0.943252
1628250090.621092 41.285017 -41.162925 -0.459247 0.012078 -0.005103 -0.327161 0.944878
1628250090.721317 41.441903 -41.289029 -0.461436 0.011578 -0.004065 -0.322408 0.946521
1628250090.821199 41.597853 -41.414969 -0.459417 0.011534 -0.004163 -0.316714 0.948442
1628250090.921667 41.757585 -41.536880 -0.456791 0.010597 -0.003578 -0.312520 0.949845
1628250091.021878 41.917734 -41.658634 -0.455478 0.010189 -0.003475 -0.306529 0.951801
1628250091.122059 42.078692 -41.774613 -0.456503 0.010365 -0.002897 -0.300463 0.953733
1628250091.222277 42.236849 -41.893790 -0.459640 0.009760 -0.003948 -0.291975 0.956368
1628250091.322458 42.394182 -42.013670 -0.466356 0.010358 -0.004839 -0.279788 0.959994
1628250091.422703 42.550601 -42.130832 -0.464395 0.011300 -0.004196 -0.265059 0.964157
1628250091.522903 42.711107 -42.236223 -0.462362 0.011669 -0.004804 -0.247038 0.968924
1628250091.623093 42.868135 -42.342347 -0.460942 0.012615 -0.004927 -0.226196 0.973988
1628250091.723248 43.031508 -42.440757 -0.460227 0.013767 -0.004727 -0.202933 0.979085
1628250091.823447 43.200032 -42.534101 -0.457922 0.014665 -0.004161 -0.177115 0.984072
1628250091.923630 43.374705 -42.614167 -0.458106 0.015092 -0.004671 -0.150869 0.988428
1628250092.023870 43.550015 -42.686841 -0.458090 0.016262 -0.005057 -0.123951 0.992142
1628250092.124022 43.730123 -42.747571 -0.458088 0.016876 -0.004474 -0.096430 0.995187
1628250092.224217 43.909512 -42.799992 -0.458121 0.016743 -0.004748 -0.069190 0.997452
1628250092.324460 44.085604 -42.846593 -0.458920 0.016772 -0.004796 -0.041290 0.998995
1628250092.424616 44.263373 -42.881467 -0.459374 0.016970 -0.004787 -0.012048 0.999772
1628250092.528740 44.452420 -42.907900 -0.456025 0.016625 -0.004770 0.017376 0.999699
1628250092.625034 44.624891 -42.916474 -0.453179 0.016257 -0.004877 0.045244 0.998832
1628250092.725207 44.805662 -42.923026 -0.449752 0.016214 -0.004506 0.074579 0.997073
1628250092.825393 44.991930 -42.911896 -0.448083 0.015471 -0.003615 0.101739 0.994684
1628250092.925608 45.172888 -42.892041 -0.446810 0.013604 -0.002240 0.125434 0.992006
1628250093.025785 45.345592 -42.856013 -0.439401 0.012620 -0.001349 0.143862 0.989516
1628250093.125987 45.518289 -42.804281 -0.441221 0.012882 -0.001752 0.154573 0.987896
1628250093.226184 45.682191 -42.750283 -0.439074 0.012499 -0.002317 0.159391 0.987134
1628250093.326372 45.840024 -42.695840 -0.441327 0.010320 -0.004903 0.160897 0.986905
1628250093.426603 45.980969 -42.638702 -0.440693 0.006837 -0.004680 0.159483 0.987166
1628250093.526762 46.117135 -42.589132 -0.435532 0.005110 -0.003130 0.156453 0.987667
1628250093.626958 46.246706 -42.544746 -0.431791 0.005319 0.000517 0.149924 0.988683
1628250093.727139 46.358665 -42.510781 -0.426952 0.004487 0.002681 0.143953 0.989571
1628250093.827344 46.458718 -42.475422 -0.424277 0.002969 0.003700 0.137459 0.990496
1628250093.927557 46.548135 -42.441728 -0.423134 0.001304 0.005148 0.132333 0.991191
1628250094.027749 46.617701 -42.419124 -0.422826 0.000499 0.006805 0.128800 0.991647
1628250094.127923 46.659000 -42.402570 -0.422859 0.000915 0.007233 0.125760 0.992034
1628250094.228130 46.681001 -42.392577 -0.421272 0.001391 0.006995 0.123911 0.992268
1628250094.328320 46.684007 -42.396963 -0.420275 0.001478 0.006766 0.123566 0.992312
1628250094.428509 46.674713 -42.395840 -0.419004 0.001264 0.005218 0.123734 0.992301
1628250094.528723 46.659880 -42.395542 -0.420517 0.001460 0.003317 0.124432 0.992221
1628250094.628916 46.643462 -42.400154 -0.422008 0.001737 0.002524 0.125743 0.992058
1628250094.729107 46.630439 -42.408193 -0.425614 0.001987 0.002192 0.127127 0.991882
1628250094.829314 46.609685 -42.415640 -0.426342 0.002290 0.001809 0.129174 0.991618
1628250094.929517 46.586944 -42.421292 -0.426844 0.002036 0.001321 0.131528 0.991309
1628250095.029746 46.561199 -42.428444 -0.426356 0.001599 0.001079 0.133863 0.990998
1628250095.129900 46.536334 -42.436720 -0.424766 0.001264 0.000490 0.136556 0.990631
1628250095.230110 46.508874 -42.446528 -0.424516 0.001006 -0.000055 0.139369 0.990240
1628250095.330270 46.483335 -42.456020 -0.425730 0.001349 -0.000196 0.142874 0.989740
1628250095.430483 46.459196 -42.468429 -0.426569 0.001735 -0.000836 0.146220 0.989250
1628250095.530724 46.432208 -42.478528 -0.426864 0.001817 -0.000905 0.149770 0.988719
1628250095.630896 46.405647 -42.489324 -0.428022 0.001934 -0.001083 0.153459 0.988153
1628250095.731055 46.376971 -42.503606 -0.428699 0.001440 -0.001687 0.157245 0.987557
1628250095.831258 46.347506 -42.519366 -0.428965 0.001087 -0.002059 0.161004 0.986951
1628250095.931466 46.317891 -42.536143 -0.430122 0.001399 -0.002268 0.164976 0.986294
1628250096.031675 46.283465 -42.550329 -0.430585 0.001967 -0.002474 0.168949 0.985620
1628250096.131835 46.251326 -42.563894 -0.430342 0.002519 -0.002388 0.173329 0.984858
1628250096.232031 46.211561 -42.579073 -0.431009 0.002964 -0.002474 0.178070 0.984010
1628250096.332243 46.173871 -42.594089 -0.430603 0.002921 -0.002948 0.182486 0.983200
1628250096.432425 46.134109 -42.607694 -0.431231 0.002868 -0.003815 0.187798 0.982196
1628250096.532942 46.092822 -42.622312 -0.431112 0.002620 -0.004233 0.192743 0.981237
1628250096.632866 46.050843 -42.636133 -0.431875 0.002671 -0.004982 0.198490 0.980087
1628250096.733008 46.014353 -42.651091 -0.434373 0.002828 -0.005543 0.203919 0.978968
1628250096.833246 45.975141 -42.670417 -0.435767 0.002914 -0.005970 0.210137 0.977649
1628250096.933528 45.939106 -42.689642 -0.437767 0.002891 -0.006392 0.216097 0.976347
1628250097.035000 45.901051 -42.713743 -0.439304 0.001430 -0.006189 0.222356 0.974945
1628250097.133782 45.864619 -42.732783 -0.437452 -0.000472 -0.005510 0.228722 0.973476
1628250097.235183 45.827469 -42.757995 -0.437147 -0.001856 -0.005793 0.235493 0.971857
1628250097.334304 45.787093 -42.785926 -0.437283 -0.001890 -0.006549 0.242207 0.970201
1628250097.434674 45.750143 -42.815654 -0.439192 -0.000897 -0.006467 0.249462 0.968362
1628250097.534950 45.710172 -42.845784 -0.440000 0.000514 -0.004146 0.258186 0.966086
1628250097.634778 45.667206 -42.881890 -0.442276 0.001881 -0.002254 0.267306 0.963607
1628250097.735092 45.617982 -42.920110 -0.444048 0.001676 -0.001760 0.277203 0.960808
1628250097.835157 45.561080 -42.959344 -0.442673 0.000598 -0.001638 0.287228 0.957861
1628250097.935362 45.504471 -42.996110 -0.441644 0.000017 -0.002072 0.297772 0.954635
1628250098.036763 45.446539 -43.043553 -0.443917 0.000077 -0.001661 0.308998 0.951061
1628250098.136216 45.395499 -43.086284 -0.445836 0.000522 -0.001939 0.320579 0.947220
1628250098.235976 45.341440 -43.131024 -0.448049 -0.000623 -0.003655 0.332256 0.943182
1628250098.336150 45.284595 -43.177838 -0.446889 -0.000975 -0.005886 0.343121 0.939272
1628250098.436791 45.231531 -43.230021 -0.450522 0.000384 -0.007191 0.354763 0.934929
1628250098.536563 45.182438 -43.276110 -0.455192 0.001436 -0.006641 0.367507 0.929996
1628250098.636756 45.133860 -43.331372 -0.454417 0.001981 -0.006365 0.380697 0.924676
1628250098.736922 45.078718 -43.390032 -0.453861 0.001736 -0.007016 0.393417 0.919332
1628250098.837107 45.027187 -43.453845 -0.452947 0.000753 -0.007410 0.406356 0.913684
1628250098.937464 44.974133 -43.522783 -0.455099 0.000699 -0.007486 0.419749 0.907609
1628250099.037506 44.929108 -43.597917 -0.459697 0.001885 -0.007800 0.432838 0.901436
1628250099.137724 44.883957 -43.670749 -0.461504 0.002609 -0.008211 0.445656 0.895163
1628250099.237886 44.848999 -43.740765 -0.463136 0.002530 -0.008306 0.457361 0.889239
1628250099.338114 44.813058 -43.800535 -0.464577 0.002452 -0.009181 0.465418 0.885040
1628250099.438293 44.777266 -43.854407 -0.465722 0.002770 -0.009911 0.471667 0.881717
1628250099.538473 44.742373 -43.903839 -0.470716 0.003671 -0.011599 0.473799 0.880549
1628250099.638699 44.713119 -43.948061 -0.473533 0.005987 -0.014681 0.472485 0.881196
1628250099.739222 44.691066 -43.977778 -0.476607 0.009613 -0.018790 0.470449 0.882175
1628250099.839061 44.681732 -43.989567 -0.478999 0.011594 -0.020595 0.469749 0.882484
1628250099.939264 44.686519 -43.979275 -0.476490 0.010974 -0.018991 0.471084 0.881816
1628250100.039454 44.705851 -43.952519 -0.476741 0.009419 -0.016791 0.474618 0.879981
1628250100.139664 44.733158 -43.915363 -0.476065 0.009957 -0.017913 0.482936 0.875416
1628250100.239841 44.767579 -43.869850 -0.473986 0.010301 -0.017921 0.495932 0.868115
1628250100.340044 44.817661 -43.818232 -0.471170 0.009753 -0.017277 0.512997 0.858161
1628250100.440231 44.875833 -43.758462 -0.472705 0.010653 -0.016124 0.535184 0.844514
1628250100.540455 44.938666 -43.683897 -0.469060 0.011775 -0.014535 0.559453 0.828651
1628250100.640865 45.002343 -43.593169 -0.469127 0.011953 -0.012965 0.586151 0.810010
1628250100.740947 45.056551 -43.491287 -0.463550 0.011907 -0.011836 0.614872 0.788448
1628250100.841011 45.105140 -43.379010 -0.460916 0.011779 -0.010879 0.644777 0.764202
1628250100.941204 45.140399 -43.266068 -0.458423 0.011989 -0.009320 0.675895 0.736842
1628250101.042768 45.178109 -43.136706 -0.455475 0.011400 -0.007065 0.706651 0.707435
1628250101.142065 45.199735 -43.005885 -0.451727 0.011241 -0.004260 0.736122 0.676742
1628250101.241817 45.209272 -42.863819 -0.450726 0.010667 -0.000836 0.764355 0.644707
1628250101.342054 45.210024 -42.719486 -0.450402 0.010400 0.002523 0.789886 0.613160
1628250101.442183 45.193828 -42.576277 -0.450666 0.009849 0.002793 0.814003 0.580770
1628250101.542384 45.168479 -42.431549 -0.450009 0.010837 0.002763 0.838071 0.545447
1628250101.642567 45.137566 -42.283503 -0.444121 0.010111 0.003311 0.859688 0.510708
1628250101.743400 45.086446 -42.137169 -0.438944 0.007690 0.004215 0.878446 0.477761
1628250101.844675 45.025297 -41.998950 -0.438968 0.006152 0.002727 0.893938 0.448141
1628250101.943224 44.948278 -41.876178 -0.436403 0.005103 0.001765 0.905737 0.423805
1628250102.043365 44.861092 -41.758918 -0.434411 0.003231 -0.000127 0.914733 0.404045
1628250102.143553 44.771370 -41.643229 -0.434506 0.002187 -0.001541 0.921992 0.387200
1628250102.243746 44.671191 -41.534903 -0.434745 0.001473 -0.001565 0.927381 0.374113
1628250102.343936 44.561782 -41.431118 -0.432213 0.001116 -0.001416 0.930887 0.365303
1628250102.444131 44.452599 -41.330233 -0.435431 0.001036 -0.001491 0.933713 0.358018
1628250102.544323 44.343452 -41.229440 -0.435211 -0.000324 -0.001465 0.935625 0.352992
1628250102.644519 44.236979 -41.130459 -0.434671 -0.001317 -0.001983 0.937896 0.346908
1628250102.744744 44.137736 -41.033264 -0.432585 -0.001381 -0.002214 0.940513 0.339748
1628250102.845079 44.044793 -40.940628 -0.431036 -0.001668 -0.001491 0.943230 0.332133
1628250102.945167 43.954937 -40.860874 -0.429914 -0.001410 -0.001408 0.946094 0.323887
1628250103.045334 43.869226 -40.781860 -0.428278 -0.000913 -0.001977 0.948939 0.315451
1628250103.145510 43.782667 -40.713711 -0.426943 -0.000769 -0.002005 0.951951 0.306244
1628250103.245725 43.697810 -40.649516 -0.428918 -0.000439 -0.001422 0.954649 0.297731
1628250103.345971 43.616252 -40.582456 -0.429840 -0.000557 -0.001047 0.957027 0.289998
1628250103.446089 43.533687 -40.521536 -0.432076 -0.000605 -0.001710 0.959268 0.282490
1628250103.546353 43.455601 -40.469941 -0.433836 0.000004 -0.002351 0.961137 0.276062
1628250103.646498 43.381730 -40.424117 -0.432884 -0.000012 -0.002180 0.962236 0.272206
1628250103.746672 43.307704 -40.379947 -0.433181 0.000741 -0.002064 0.962668 0.270677
1628250103.846911 43.239575 -40.345102 -0.429331 0.000742 -0.002219 0.962291 0.272012
1628250103.947064 43.170646 -40.310510 -0.425622 0.000581 -0.003387 0.961729 0.273981
1628250104.047273 43.099491 -40.277677 -0.425586 0.001694 -0.004399 0.960697 0.277560
1628250104.147463 43.022165 -40.235265 -0.428163 0.001809 -0.004495 0.959506 0.281646
1628250104.247657 42.942012 -40.193339 -0.429601 0.002092 -0.003776 0.958163 0.286192
1628250104.347844 42.858804 -40.148001 -0.430687 0.002146 -0.003741 0.956423 0.291953
1628250104.448047 42.767680 -40.095345 -0.428225 0.001882 -0.004097 0.954360 0.298624
1628250104.548259 42.679928 -40.039719 -0.426232 0.002565 -0.005603 0.952265 0.305209
1628250104.648443 42.592229 -39.982068 -0.423989 0.002904 -0.006549 0.950157 0.311688
1628250104.748807 42.502769 -39.914082 -0.421697 0.003138 -0.005957 0.948137 0.317789
1628250104.848821 42.411199 -39.841277 -0.424644 0.003068 -0.005552 0.946346 0.323092
1628250104.949062 42.313835 -39.768097 -0.425777 0.002448 -0.005267 0.944890 0.327336
1628250105.049209 42.213920 -39.687673 -0.428195 0.001550 -0.005650 0.944351 0.328887
1628250105.149431 42.112995 -39.605172 -0.428043 0.001584 -0.005161 0.944821 0.327542
1628250105.249732 42.007579 -39.521294 -0.425694 0.000984 -0.004740 0.944800 0.327611
1628250105.349887 41.896876 -39.439498 -0.428326 0.001132 -0.005756 0.945111 0.326697
1628250105.449991 41.780624 -39.356569 -0.424777 0.002421 -0.006038 0.945419 0.325794
1628250105.550199 41.665780 -39.275604 -0.416547 0.001961 -0.005449 0.945645 0.325150
1628250105.650393 41.549511 -39.191183 -0.412441 0.001938 -0.005837 0.946051 0.323960
1628250105.750618 41.432806 -39.096009 -0.413218 0.002789 -0.007146 0.947631 0.319274
1628250105.851101 41.313923 -38.992774 -0.418306 0.002921 -0.005887 0.950163 0.311683
1628250105.950982 41.190615 -38.891034 -0.420023 0.001769 -0.004025 0.952479 0.304572
1628250106.051183 41.065233 -38.794875 -0.420908 0.001500 -0.003730 0.955335 0.295496
1628250106.151361 40.935046 -38.701538 -0.419368 0.002023 -0.004158 0.958605 0.284701
1628250106.251622 40.805733 -38.604266 -0.419400 0.000683 -0.004068 0.961805 0.273706
1628250106.351771 40.671721 -38.513813 -0.420327 0.001968 -0.004516 0.965092 0.261866
1628250106.451952 40.533707 -38.428026 -0.422705 0.003490 -0.004198 0.967811 0.251618
1628250106.552147 40.393107 -38.348079 -0.421373 0.001751 -0.004026 0.969713 0.244206
1628250106.652481 40.243323 -38.269812 -0.419193 0.001715 -0.005431 0.970741 0.240063
1628250106.752699 40.095409 -38.190294 -0.416333 0.002179 -0.006940 0.971441 0.237170
1628250106.852729 39.947373 -38.114523 -0.413925 0.001219 -0.007678 0.971779 0.235764
1628250106.952916 39.805447 -38.039018 -0.414641 0.002209 -0.007719 0.972224 0.233914
1628250107.053130 39.660236 -37.964893 -0.413664 0.002442 -0.007504 0.972734 0.231791
1628250107.153325 39.514186 -37.891124 -0.412083 0.001766 -0.006935 0.973077 0.230369
1628250107.253527 39.363583 -37.820393 -0.414624 0.003029 -0.007519 0.973637 0.227961
1628250107.353708 39.215152 -37.748094 -0.412628 0.002499 -0.007050 0.974186 0.225623
1628250107.456750 39.060192 -37.677410 -0.411397 0.001682 -0.006738 0.974564 0.224003
1628250107.554131 38.918005 -37.606829 -0.412385 0.003039 -0.006532 0.974880 0.222615
1628250107.654324 38.769128 -37.529670 -0.408776 0.003732 -0.005632 0.975331 0.220643
1628250107.754518 38.621280 -37.458871 -0.402869 0.002410 -0.005389 0.975359 0.220544
1628250107.854690 38.469701 -37.389162 -0.404111 0.004216 -0.005548 0.975368 0.220474
1628250107.954918 38.308783 -37.318166 -0.402607 0.005049 -0.005809 0.975315 0.220685
1628250108.056752 38.149192 -37.246608 -0.401275 0.004202 -0.005931 0.975042 0.221901
1628250108.155271 37.990036 -37.177104 -0.401535 0.005199 -0.006285 0.974685 0.223433
1628250108.255480 37.825898 -37.105218 -0.400015 0.004049 -0.006496 0.974173 0.225675
1628250108.355656 37.657608 -37.025818 -0.398078 0.003953 -0.007585 0.973364 0.229105
1628250108.455855 37.486345 -36.948386 -0.398767 0.005001 -0.008859 0.972487 0.232734
1628250108.556036 37.318281 -36.869613 -0.396205 0.003789 -0.009933 0.971828 0.235451
1628250108.656297 37.156075 -36.783892 -0.395769 0.003619 -0.011087 0.972321 0.233358
1628250108.755890 36.993673 -36.694365 -0.395728 0.003914 -0.011082 0.973810 0.227059
1628250108.855587 36.825926 -36.602792 -0.393499 0.002703 -0.009688 0.976018 0.217458
1628250108.956834 36.650433 -36.517539 -0.392558 0.002634 -0.008516 0.978575 0.205696
1628250109.057047 36.476478 -36.435465 -0.391191 0.002726 -0.008148 0.981263 0.192482
1628250109.157227 36.302846 -36.357132 -0.390461 0.003643 -0.008170 0.983793 0.179086
1628250109.258267 36.130575 -36.281895 -0.389512 0.005048 -0.007710 0.985925 0.166936
1628250109.357608 35.953183 -36.210284 -0.382209 0.005488 -0.007669 0.987391 0.158016
1628250109.456821 35.767199 -36.143417 -0.382088 0.004329 -0.006162 0.988376 0.151845
1628250109.557262 35.569517 -36.089452 -0.381535 0.000316 -0.004304 0.988211 0.153040
1628250109.657600 35.367605 -36.041936 -0.380692 -0.002742 -0.003926 0.987430 0.157986
1628250109.757836 35.167416 -35.988425 -0.377632 -0.004840 -0.006197 0.985668 0.168514
1628250109.858031 34.974136 -35.939668 -0.372033 -0.004699 -0.009995 0.983337 0.181458
1628250109.957652 34.785032 -35.884216 -0.377923 -0.001859 -0.012427 0.980211 0.197555
1628250110.058951 34.589784 -35.830847 -0.383446 -0.000570 -0.015484 0.976318 0.215786
1628250110.159180 34.399100 -35.767598 -0.381318 -0.001127 -0.018708 0.971672 0.235588
1628250110.263483 34.208171 -35.686338 -0.379871 -0.001668 -0.020128 0.966072 0.257481
1628250110.359557 34.036779 -35.612303 -0.378251 -0.001295 -0.021104 0.960223 0.278433
1628250110.459778 33.864290 -35.524470 -0.374296 -0.001207 -0.021150 0.953053 0.302060
1628250110.559995 33.692821 -35.438333 -0.375576 -0.000161 -0.021771 0.945125 0.325983
1628250110.660155 33.526578 -35.331140 -0.373375 0.000527 -0.022989 0.936342 0.350336
1628250110.760403 33.362027 -35.224155 -0.370445 -0.000692 -0.022763 0.927312 0.373595
1628250110.860571 33.203348 -35.100755 -0.372055 -0.002984 -0.022554 0.917343 0.397448
1628250110.960781 33.057362 -34.965352 -0.370642 -0.002700 -0.022269 0.907271 0.419948
1628250111.061455 32.917768 -34.830911 -0.367851 -0.003187 -0.022363 0.896400 0.442670
1628250111.161132 32.789346 -34.687839 -0.363013 -0.003378 -0.022307 0.885645 0.463815
1628250111.261724 32.672459 -34.540538 -0.363704 -0.002717 -0.022285 0.875814 0.482126
1628250111.361529 32.567758 -34.389419 -0.362524 -0.002743 -0.021140 0.868119 0.495898
1628250111.461725 32.463827 -34.233360 -0.360155 -0.002810 -0.020205 0.861813 0.506816
1628250111.561954 32.360954 -34.071874 -0.356350 -0.002709 -0.019370 0.856491 0.515791
1628250111.662101 32.258246 -33.913966 -0.353469 -0.002629 -0.018458 0.851783 0.523563
1628250111.762311 32.158793 -33.750820 -0.351884 -0.002324 -0.018762 0.846974 0.531298
1628250111.862497 32.069481 -33.582057 -0.348624 -0.002078 -0.019123 0.843238 0.537196
1628250111.962713 31.959442 -33.425123 -0.349470 -0.001559 -0.018417 0.840427 0.541610
1628250112.062878 31.873406 -33.251341 -0.349733 -0.000311 -0.018296 0.836377 0.547849
1628250112.163084 31.790258 -33.072165 -0.344921 0.000795 -0.018517 0.835008 0.549926
1628250112.263274 31.715074 -32.888891 -0.339747 0.001309 -0.017868 0.833843 0.551711
1628250112.363483 31.639761 -32.711097 -0.335566 0.001732 -0.017192 0.832973 0.553045
1628250112.463659 31.564213 -32.532345 -0.329250 0.002024 -0.017241 0.832883 0.553177
1628250112.563855 31.493210 -32.352862 -0.324691 0.001790 -0.016902 0.833225 0.552673
1628250112.664155 31.422177 -32.173218 -0.319959 0.000919 -0.015395 0.834008 0.551536
1628250112.764246 31.348132 -31.993058 -0.319288 0.001011 -0.012882 0.834627 0.550664
1628250112.864444 31.270350 -31.809170 -0.319706 0.001398 -0.011062 0.834969 0.550184
1628250112.964658 31.187819 -31.623365 -0.315913 0.002204 -0.010965 0.835632 0.549175
1628250113.064833 31.108409 -31.443373 -0.314116 0.003702 -0.010858 0.836198 0.548307
1628250113.165045 31.026785 -31.258782 -0.311200 0.004175 -0.009734 0.836846 0.547337
1628250113.265416 30.941859 -31.073990 -0.304553 0.002963 -0.009098 0.837290 0.546676
1628250113.365443 30.858585 -30.896436 -0.298482 0.002636 -0.009377 0.838598 0.544664
1628250113.465662 30.778264 -30.713977 -0.299612 0.003920 -0.010229 0.840296 0.542018
1628250113.565803 30.699258 -30.528773 -0.297107 0.004694 -0.009461 0.842370 0.538796
1628250113.666007 30.617630 -30.344419 -0.291202 0.003923 -0.007848 0.845654 0.533660
1628250113.766185 30.534087 -30.158534 -0.287686 0.003704 -0.006282 0.849891 0.526907
1628250113.866389 30.448406 -29.971232 -0.286912 0.003314 -0.004346 0.855652 0.517522
1628250113.966588 30.354376 -29.784138 -0.284367 0.003476 -0.003251 0.861938 0.506991
1628250114.066828 30.257460 -29.598918 -0.283685 0.003764 -0.002369 0.868528 0.495620
1628250114.167014 30.152085 -29.418065 -0.285681 0.003868 -0.001917 0.875526 0.483152
1628250114.270721 30.045980 -29.231324 -0.283546 0.003860 -0.001392 0.882619 0.470071
1628250114.367418 29.943179 -29.059707 -0.279079 0.003386 -0.001270 0.889341 0.457231
1628250114.469575 29.857413 -28.886480 -0.275345 0.003271 -0.001399 0.895702 0.444640
1628250114.567792 29.745329 -28.728923 -0.277166 0.002417 -0.001154 0.902432 0.430823
1628250114.667995 29.617270 -28.567592 -0.277190 0.002348 -0.001078 0.908767 0.417296
1628250114.768179 29.484515 -28.403898 -0.276249 0.002324 -0.001473 0.914361 0.404891
1628250114.868605 29.346318 -28.240005 -0.274473 0.002460 -0.001590 0.919850 0.392260
1628250114.968560 29.208661 -28.083128 -0.269212 0.001896 -0.001418 0.924839 0.380352
1628250115.068935 29.063294 -27.933019 -0.263445 0.002456 -0.001942 0.928976 0.370127
1628250115.168969 28.910621 -27.789432 -0.264528 0.002747 -0.002251 0.931384 0.364022
1628250115.270802 28.755749 -27.639417 -0.264090 0.001350 -0.002930 0.932428 0.361341
1628250115.369721 28.597568 -27.500502 -0.262460 0.000967 -0.004251 0.932647 0.360764
1628250115.469524 28.441069 -27.364099 -0.263309 0.001016 -0.004980 0.932593 0.360894
1628250115.570468 28.281260 -27.223592 -0.264937 0.001309 -0.005060 0.932646 0.360754
1628250115.672290 28.125033 -27.083223 -0.261444 0.000689 -0.005180 0.932578 0.360932
1628250115.770376 27.973101 -26.953020 -0.256520 0.000934 -0.005559 0.932571 0.360942
1628250115.870301 27.812664 -26.816644 -0.256300 0.001977 -0.005635 0.932373 0.361449
1628250115.970525 27.658370 -26.677856 -0.257745 0.001296 -0.005761 0.932572 0.360935
1628250116.070700 27.506691 -26.537974 -0.256941 0.000855 -0.005830 0.932922 0.360029
1628250116.171057 27.354146 -26.398768 -0.255049 0.000746 -0.005700 0.933224 0.359249
1628250116.272744 27.202881 -26.258439 -0.255554 0.001117 -0.005085 0.933744 0.357903
1628250116.371293 27.052533 -26.123747 -0.252008 0.000563 -0.005298 0.934085 0.357010
1628250116.472057 26.894657 -25.986206 -0.250504 0.000569 -0.005886 0.934651 0.355517
1628250116.572204 26.739622 -25.850600 -0.251509 0.000589 -0.005257 0.934947 0.354748
1628250116.672659 26.582588 -25.717513 -0.251331 0.000012 -0.005023 0.935014 0.354575
1628250116.772068 26.427323 -25.585812 -0.248810 0.000304 -0.005259 0.934591 0.355686
1628250116.872250 26.267875 -25.459716 -0.249993 0.000141 -0.005922 0.933581 0.358317
1628250116.972457 26.107544 -25.324698 -0.248876 -0.000871 -0.006353 0.931456 0.363798
1628250117.072647 25.946159 -25.189917 -0.245054 -0.001442 -0.006633 0.928592 0.371040
1628250117.176417 25.778186 -25.046033 -0.245719 -0.000722 -0.007843 0.925044 0.379779
1628250117.273069 25.619752 -24.918752 -0.247498 -0.000686 -0.008844 0.921726 0.387740
1628250117.373578 25.462011 -24.769782 -0.247353 -0.001176 -0.009664 0.916984 0.398805
1628250117.473429 25.310610 -24.618926 -0.247778 -0.000309 -0.010432 0.912355 0.409267
1628250117.574229 25.146057 -24.475066 -0.245633 -0.000202 -0.011050 0.908454 0.417840
1628250117.673839 25.000385 -24.318917 -0.241637 -0.000224 -0.010886 0.903785 0.427849
1628250117.775873 24.861056 -24.153989 -0.237449 -0.000596 -0.010863 0.899801 0.436164
1628250117.874215 24.720877 -23.999195 -0.234992 -0.000150 -0.010878 0.896491 0.442929
1628250117.974991 24.587682 -23.837495 -0.233263 0.000259 -0.010787 0.892504 0.450911
1628250118.074645 24.458478 -23.678077 -0.234967 0.000849 -0.011120 0.888819 0.458124
1628250118.174833 24.335986 -23.511872 -0.235288 0.000718 -0.011085 0.884762 0.465911
1628250118.275052 24.220077 -23.342919 -0.236487 -0.000599 -0.010325 0.880833 0.473314
1628250118.375226 24.097104 -23.175208 -0.233398 -0.000708 -0.009914 0.877436 0.479592
1628250118.475644 23.975249 -23.005444 -0.231800 -0.000376 -0.010046 0.873629 0.486490
1628250118.575699 23.857647 -22.834678 -0.229846 -0.000804 -0.009632 0.869939 0.493064
1628250118.675793 23.742993 -22.659888 -0.225353 -0.000592 -0.010027 0.866142 0.499697
1628250118.776024 23.631237 -22.481318 -0.223011 -0.000410 -0.010178 0.862386 0.506149
1628250118.876228 23.519916 -22.302871 -0.221017 -0.000458 -0.009956 0.858566 0.512606
1628250118.976380 23.406083 -22.119608 -0.219971 -0.000558 -0.010031 0.854983 0.518559
1628250119.076566 23.303536 -21.933299 -0.220626 -0.000413 -0.010517 0.854134 0.519947
1628250119.176751 23.213837 -21.739002 -0.216284 -0.000120 -0.009749 0.856955 0.515299
1628250119.276981 23.140272 -21.542429 -0.210887 0.000872 -0.008284 0.864189 0.503098
1628250119.377252 23.062710 -21.355580 -0.207818 0.001999 -0.006104 0.875339 0.483467
1628250119.477378 22.975917 -21.173241 -0.211373 0.002419 -0.003035 0.887910 0.460001
1628250119.578074 22.873298 -20.991479 -0.213735 0.002769 -0.000733 0.900863 0.434093
1628250119.677731 22.758050 -20.823072 -0.211338 0.003052 0.001231 0.913484 0.406861
1628250119.778448 22.626426 -20.660622 -0.210669 0.003799 0.003612 0.925715 0.378186
1628250119.878154 22.488819 -20.502744 -0.208171 0.002968 0.004945 0.937201 0.348742
1628250119.978315 22.345067 -20.351329 -0.203804 0.002499 0.006129 0.948346 0.317167
1628250120.078547 22.196781 -20.210062 -0.204165 0.001561 0.007176 0.958257 0.285814
1628250120.178819 22.041561 -20.073025 -0.206113 0.001226 0.007348 0.967227 0.253805
1628250120.279142 21.876025 -19.952429 -0.211735 0.001181 0.008274 0.975012 0.221996
1628250120.379115 21.698583 -19.842700 -0.216032 -0.000018 0.008263 0.981782 0.189830
1628250120.479317 21.514722 -19.733845 -0.209228 0.000641 0.008096 0.987432 0.157833
1628250120.579496 21.324493 -19.644599 -0.207366 0.000562 0.007511 0.991350 0.131028
1628250120.679682 21.129675 -19.574222 -0.204277 0.000485 0.007253 0.993019 0.117734
1628250120.779878 20.933788 -19.525178 -0.204354 -0.000636 0.004827 0.992632 0.121071
1628250120.880136 20.734327 -19.490978 -0.208151 0.000162 0.000819 0.990900 0.134595
1628250120.980276 20.536182 -19.462128 -0.212575 0.000961 -0.003988 0.988321 0.152331
1628250121.080463 20.338430 -19.430254 -0.212066 0.001009 -0.009127 0.984623 0.174452
1628250121.180698 20.143485 -19.387968 -0.208171 0.000858 -0.011879 0.980134 0.197980
1628250121.280863 19.945737 -19.337813 -0.204841 -0.000010 -0.014153 0.974655 0.223266
1628250121.381052 19.751843 -19.266310 -0.200944 -0.000549 -0.014717 0.968136 0.249990
1628250121.481266 19.561954 -19.182090 -0.195950 -0.000824 -0.015510 0.961072 0.275860
1628250121.581440 19.377979 -19.087219 -0.191854 -0.002669 -0.015727 0.953013 0.302508
1628250121.681658 19.196554 -18.990586 -0.194499 -0.003432 -0.015167 0.944643 0.327733
1628250121.781816 19.029292 -18.883611 -0.196760 -0.003876 -0.014381 0.934913 0.354565
1628250121.882058 18.866666 -18.769480 -0.199768 -0.004415 -0.014909 0.924602 0.380617
1628250121.982207 18.708008 -18.647616 -0.199502 -0.004921 -0.015849 0.914053 0.405256
1628250122.082421 18.559328 -18.513041 -0.198583 -0.005345 -0.015892 0.905925 0.423105
1628250122.182593 18.418445 -18.360802 -0.195942 -0.003621 -0.014606 0.900562 0.434466
1628250122.282797 18.286411 -18.203190 -0.194289 -0.002620 -0.012956 0.896162 0.443530
1628250122.382886 18.156050 -18.040900 -0.193310 -0.001701 -0.011997 0.893352 0.449193
1628250122.482957 18.027528 -17.879922 -0.192914 -0.001254 -0.011531 0.891324 0.453218
1628250122.589082 17.893314 -17.705296 -0.190686 -0.002238 -0.010759 0.889585 0.456637
1628250122.683559 17.774104 -17.551289 -0.188149 -0.001550 -0.009948 0.888023 0.459690
1628250122.783789 17.648256 -17.388288 -0.190055 -0.000592 -0.009990 0.886211 0.463173
1628250122.883977 17.526839 -17.222539 -0.191562 0.000437 -0.010314 0.884843 0.465775
1628250122.984165 17.412248 -17.058162 -0.189876 0.003210 -0.011249 0.883395 0.468483
1628250123.084367 17.297976 -16.896408 -0.188343 0.007069 -0.012403 0.882293 0.470484
1628250123.184560 17.182035 -16.734452 -0.186811 0.005804 -0.010477 0.880523 0.473852
1628250123.284632 17.068970 -16.569109 -0.182985 -0.001621 -0.005835 0.879554 0.475761
1628250123.384534 16.955205 -16.405606 -0.177001 -0.005457 -0.003515 0.877855 0.478883
1628250123.484363 16.846034 -16.248460 -0.173378 -0.002362 -0.004997 0.875945 0.482378
1628250123.584416 16.741232 -16.084998 -0.173191 0.001265 -0.005935 0.874916 0.484237
1628250123.685533 16.629446 -15.921902 -0.174750 -0.001514 -0.006175 0.874753 0.484527
1628250123.785739 16.524166 -15.759157 -0.172556 -0.004441 -0.004425 0.877403 0.479713
1628250123.885944 16.429823 -15.592881 -0.166383 -0.001024 -0.003375 0.880787 0.473499
1628250123.988293 16.329422 -15.429845 -0.170121 0.004324 -0.003821 0.887068 0.461602
1628250124.086325 16.237618 -15.269369 -0.168305 0.005124 -0.003515 0.895465 0.445088
1628250124.186564 16.136760 -15.109752 -0.164291 0.003864 -0.000646 0.904677 0.426080
1628250124.286710 16.033004 -14.956658 -0.160889 0.003187 0.001163 0.914863 0.403750
1628250124.386914 15.921487 -14.803984 -0.160770 0.004259 0.002443 0.925453 0.378832
1628250124.487110 15.802161 -14.659813 -0.159219 0.004604 0.003261 0.935726 0.352683
1628250124.587301 15.671396 -14.527110 -0.160410 0.005282 0.003931 0.945662 0.325084
1628250124.687497 15.538800 -14.402003 -0.158950 0.005316 0.004564 0.954359 0.298579
1628250124.787703 15.401108 -14.282762 -0.156678 0.004019 0.005526 0.962278 0.271981
1628250124.887986 15.258364 -14.173950 -0.152811 0.003592 0.005689 0.969565 0.244742
1628250124.988227 15.110848 -14.072308 -0.150359 0.002040 0.005514 0.975880 0.218229
1628250125.088278 14.960320 -13.980188 -0.151896 0.001485 0.005069 0.981676 0.190487
1628250125.188770 14.802896 -13.894640 -0.150583 -0.000325 0.004983 0.986620 0.162958
1628250125.288674 14.647298 -13.821060 -0.148910 -0.002148 0.004771 0.990681 0.136099
1628250125.388857 14.486211 -13.753932 -0.150704 -0.001951 0.004585 0.994227 0.107185
1628250125.489058 14.329113 -13.694878 -0.150183 -0.002903 0.004291 0.996952 0.077841
1628250125.589259 14.165508 -13.647001 -0.151788 -0.004381 0.005078 0.998860 0.047269
1628250125.691161 14.001548 -13.606721 -0.149869 -0.004678 0.005972 0.999833 0.016645
1628250125.789639 13.846573 -13.579905 -0.150631 -0.006216 0.006088 0.999869 -0.013662
1628250125.890072 13.683592 -13.567272 -0.155876 -0.006395 0.005318 0.998902 -0.046107
1628250125.992281 13.524455 -13.565781 -0.160894 -0.006857 0.005408 0.996924 -0.077883
1628250126.090222 13.375255 -13.574248 -0.162395 -0.009320 0.004978 0.994072 -0.108211
1628250126.190439 13.225316 -13.585431 -0.162414 -0.010413 0.004102 0.990098 -0.139930
1628250126.290649 13.075230 -13.600638 -0.163905 -0.011503 0.003565 0.984964 -0.172337
1628250126.391134 12.931377 -13.623679 -0.161204 -0.012613 0.003686 0.978395 -0.206326
1628250126.491060 12.794472 -13.651193 -0.159340 -0.011610 0.005061 0.970698 -0.239967
1628250126.591239 12.664938 -13.693665 -0.161241 -0.009842 0.005855 0.962179 -0.272179
1628250126.691407 12.539697 -13.747358 -0.165871 -0.009675 0.004446 0.953823 -0.300179
1628250126.791600 12.422134 -13.820556 -0.172488 -0.008403 0.003057 0.947925 -0.318368
1628250126.891808 12.309150 -13.895462 -0.173340 -0.009429 0.002495 0.945786 -0.324643
1628250126.991982 12.202971 -13.977958 -0.174792 -0.011985 0.000284 0.946723 -0.321826
1628250127.092173 12.103984 -14.067293 -0.175530 -0.011628 -0.002972 0.950081 -0.311771
1628250127.192374 12.013152 -14.153245 -0.178658 -0.010336 -0.005926 0.954271 -0.298705
1628250127.292583 11.925988 -14.234807 -0.184487 -0.011641 -0.007885 0.958592 -0.284435
1628250127.394679 11.843599 -14.315044 -0.186968 -0.013405 -0.009533 0.963360 -0.267709
1628250127.492945 11.772765 -14.384731 -0.188642 -0.013799 -0.010674 0.967542 -0.252106
1628250127.593161 11.710134 -14.440848 -0.187820 -0.014768 -0.012123 0.971134 -0.237767
1628250127.693551 11.655119 -14.478378 -0.184586 -0.015216 -0.012394 0.973874 -0.226238
1628250127.793542 11.608043 -14.502609 -0.183167 -0.016091 -0.011328 0.975960 -0.217062
1628250127.893750 11.575614 -14.513816 -0.183555 -0.016864 -0.010193 0.977192 -0.211444
1628250127.993993 11.551651 -14.514143 -0.182197 -0.016354 -0.009418 0.978022 -0.207645
1628250128.094157 11.544993 -14.513672 -0.183177 -0.014765 -0.009211 0.978483 -0.205595
1628250128.194336 11.546956 -14.510354 -0.184798 -0.012544 -0.009332 0.978689 -0.204751
1628250128.294773 11.548122 -14.512916 -0.189704 -0.012000 -0.009661 0.978621 -0.205095
1628250128.394716 11.548187 -14.511729 -0.192030 -0.011885 -0.009740 0.978592 -0.205236
1628250128.494962 11.548049 -14.511891 -0.193621 -0.011399 -0.009165 0.978547 -0.205504
1628250128.595127 11.550844 -14.512212 -0.193476 -0.011532 -0.009009 0.978460 -0.205919
1628250128.695380 11.551210 -14.511911 -0.192010 -0.011351 -0.009069 0.978445 -0.205994
1628250128.795572 11.554290 -14.509632 -0.191469 -0.011292 -0.009103 0.978432 -0.206060
1628250128.895708 11.553015 -14.508648 -0.189586 -0.011266 -0.009252 0.978420 -0.206109
1628250128.995896 11.553800 -14.507696 -0.189436 -0.011086 -0.009061 0.978455 -0.205962
1628250129.096107 11.555274 -14.507760 -0.189095 -0.011464 -0.009181 0.978397 -0.206214
1628250129.196381 11.560972 -14.508805 -0.190047 -0.011411 -0.009065 0.978272 -0.206813
1628250129.296495 11.567105 -14.507122 -0.189919 -0.011559 -0.009161 0.978103 -0.207597
1628250129.396707 11.576736 -14.504616 -0.190803 -0.011871 -0.009106 0.977770 -0.209148
1628250129.496869 11.586938 -14.500006 -0.190507 -0.012166 -0.009353 0.977305 -0.211280
1628250129.597133 11.601617 -14.489489 -0.191081 -0.012432 -0.009303 0.976689 -0.214097
1628250129.697282 11.618170 -14.476366 -0.191093 -0.012652 -0.009390 0.975664 -0.218703
1628250129.797456 11.637762 -14.464370 -0.187877 -0.012637 -0.009664 0.974305 -0.224670
1628250129.897638 11.666976 -14.442294 -0.185951 -0.013143 -0.009804 0.972526 -0.232217
1628250129.997845 11.700622 -14.415765 -0.184317 -0.013435 -0.009334 0.970249 -0.241555
1628250130.098053 11.743283 -14.388095 -0.181604 -0.013317 -0.009397 0.967588 -0.252006
1628250130.198304 11.789296 -14.359027 -0.180786 -0.012976 -0.010202 0.964299 -0.264302
1628250130.300826 11.831439 -14.322483 -0.180493 -0.012609 -0.011255 0.960724 -0.276989
1628250130.398801 11.883696 -14.296723 -0.180802 -0.012180 -0.011023 0.957286 -0.288676
1628250130.498821 11.945046 -14.256775 -0.173616 -0.012320 -0.010030 0.953531 -0.300876
1628250130.599087 12.005577 -14.213537 -0.170374 -0.011998 -0.008638 0.948824 -0.315458
1628250130.699206 12.045332 -14.166367 -0.173395 -0.011815 -0.008130 0.943149 -0.332061
1628250130.799560 12.079087 -14.117183 -0.177675 -0.011313 -0.009106 0.937932 -0.346515
1628250130.899760 12.109444 -14.062664 -0.179766 -0.010315 -0.009584 0.932394 -0.361169
1628250130.999935 12.135796 -14.009204 -0.179416 -0.009945 -0.009767 0.926970 -0.374877
1628250131.099993 12.160447 -13.955545 -0.178392 -0.010073 -0.009747 0.921192 -0.388855
1628250131.200181 12.192413 -13.905127 -0.175474 -0.009182 -0.009358 0.915406 -0.402317
1628250131.300414 12.228131 -13.855323 -0.173179 -0.007813 -0.009100 0.909676 -0.415145
1628250131.400573 12.262808 -13.807078 -0.172081 -0.007675 -0.008732 0.903988 -0.427399
1628250131.500808 12.295710 -13.759319 -0.170057 -0.007708 -0.008242 0.897894 -0.440067
1628250131.600972 12.326893 -13.709695 -0.169109 -0.007218 -0.007837 0.891773 -0.452357
1628250131.701197 12.355142 -13.666661 -0.169131 -0.006488 -0.007689 0.885908 -0.463751
1628250131.801355 12.382078 -13.621327 -0.168909 -0.006247 -0.007438 0.879897 -0.475065
1628250131.901573 12.404373 -13.579957 -0.167711 -0.006854 -0.006778 0.874101 -0.485648
1628250132.001741 12.426210 -13.536389 -0.167042 -0.007913 -0.006509 0.868222 -0.496070
1628250132.101964 12.444975 -13.492664 -0.166412 0.007808 0.006837 -0.862303 0.506286
1628250132.202135 12.461073 -13.447045 -0.164635 0.007562 0.008084 -0.856423 0.516155
1628250132.302718 12.475187 -13.402911 -0.161737 0.007816 0.009122 -0.850784 0.525378
1628250132.402533 12.485184 -13.359597 -0.160085 0.008219 0.008467 -0.845164 0.534377
1628250132.503134 12.494194 -13.319935 -0.159409 0.009188 0.007399 -0.839201 0.543694
1628250132.603167 12.503580 -13.278460 -0.159765 0.009854 0.007228 -0.833346 0.552617
1628250132.703153 12.517143 -13.237257 -0.161883 0.009680 0.008878 -0.827092 0.561913
1628250132.803393 12.527444 -13.197134 -0.163051 0.008660 0.010034 -0.821159 0.570546
1628250132.903725 12.536073 -13.153574 -0.160933 0.008958 0.010284 -0.815416 0.578715
1628250133.003734 12.547504 -13.106113 -0.154126 0.010069 0.009375 -0.809122 0.587480
1628250133.103996 12.557067 -13.066045 -0.149613 0.010674 0.008065 -0.802916 0.595942
1628250133.204090 12.562879 -13.023016 -0.149197 0.011443 0.008020 -0.796345 0.604681
1628250133.305160 12.564951 -12.982442 -0.148049 0.011042 0.008754 -0.789456 0.613646
1628250133.404504 12.566873 -12.938988 -0.149296 0.009715 0.009525 -0.782731 0.622212
1628250133.504693 12.572696 -12.893107 -0.151125 0.008693 0.009330 -0.775897 0.630731
1628250133.604878 12.575133 -12.845032 -0.150892 0.008422 0.008103 -0.769242 0.638851
1628250133.705055 12.578928 -12.799105 -0.147664 0.009048 0.005785 -0.762202 0.647251
1628250133.805270 12.582790 -12.755259 -0.143793 0.009526 0.004300 -0.754779 0.655896
1628250133.905458 12.586216 -12.712046 -0.146473 0.009881 0.004249 -0.746641 0.665140
1628250134.005678 12.584558 -12.668295 -0.147171 0.008639 0.004614 -0.738448 0.674239
1628250134.105849 12.579688 -12.622840 -0.148207 0.007455 0.005013 -0.730771 0.682564
1628250134.206050 12.571851 -12.572726 -0.146506 0.007801 0.005887 -0.722096 0.691724
1628250134.306252 12.563413 -12.526109 -0.144901 0.008293 0.005819 -0.713784 0.700293
1628250134.406459 12.554082 -12.478233 -0.141274 0.008535 0.005750 -0.704891 0.709241
1628250134.506631 12.547123 -12.430339 -0.140630 0.007930 0.006709 -0.695588 0.718366
1628250134.606854 12.544939 -12.378549 -0.139814 0.005105 0.008066 -0.686606 0.726967
1628250134.707022 12.546510 -12.329752 -0.140864 0.003123 0.009519 -0.677310 0.735630
1628250134.807244 12.538862 -12.282943 -0.138214 0.003690 0.010089 -0.667347 0.744670
1628250134.907462 12.524346 -12.227389 -0.132015 0.005444 0.008463 -0.657318 0.753546
1628250135.007611 12.506833 -12.174384 -0.129600 0.008322 0.007174 -0.645992 0.763265
1628250135.107817 12.486283 -12.121386 -0.129264 0.010266 0.006742 -0.633339 0.773777
1628250135.208042 12.464123 -12.066958 -0.131397 0.010672 0.005934 -0.621523 0.783301
1628250135.308234 12.441759 -12.011993 -0.131009 0.010580 0.004457 -0.608755 0.793275
1628250135.408402 12.414708 -11.959749 -0.131625 0.009557 0.003165 -0.596134 0.802822
1628250135.508598 12.390285 -11.910317 -0.135654 0.008584 0.003800 -0.582586 0.812715
1628250135.608810 12.366104 -11.858696 -0.136651 0.006890 0.004601 -0.568021 0.822973
1628250135.708989 12.338344 -11.809424 -0.136508 0.003387 0.003099 -0.555427 0.831553
1628250135.809196 12.304477 -11.754178 -0.132004 0.002252 0.001609 -0.541850 0.840471
1628250135.909370 12.267717 -11.705245 -0.130629 0.003313 0.000504 -0.528902 0.848676
1628250136.009572 12.235756 -11.662214 -0.130352 0.003756 -0.001366 -0.518508 0.855063
1628250136.112808 12.210504 -11.613409 -0.131958 0.002922 -0.003536 -0.513960 0.857802
1628250136.209982 12.196972 -11.576611 -0.132112 0.001388 -0.005437 -0.512598 0.858611
1628250136.317146 12.185611 -11.551329 -0.137022 -0.000492 -0.008608 -0.512761 0.858488
1628250136.410345 12.185935 -11.550342 -0.134985 -0.001428 -0.010537 -0.513078 0.858276
1628250136.510549 12.195541 -11.565889 -0.138432 -0.000671 -0.010647 -0.512910 0.858376
1628250136.610783 12.210643 -11.595418 -0.137807 0.000549 -0.009821 -0.511161 0.859429
1628250136.711869 12.227816 -11.628764 -0.136335 0.000226 -0.010999 -0.507953 0.861314
1628250136.811152 12.251318 -11.677569 -0.139668 0.000586 -0.011253 -0.501838 0.864888
1628250136.911345 12.281066 -11.738760 -0.144362 0.001028 -0.010132 -0.493104 0.869911
1628250137.011528 12.313672 -11.815374 -0.146248 0.002162 -0.008749 -0.481515 0.876392
1628250137.111711 12.356673 -11.897064 -0.146514 0.004305 -0.007223 -0.467955 0.883712
1628250137.211926 12.403141 -11.992609 -0.143004 0.007343 -0.006169 -0.451373 0.892284
1628250137.312117 12.465607 -12.094827 -0.137632 0.009255 -0.006475 -0.433826 0.900926
1628250137.412329 12.535201 -12.206191 -0.136336 0.010008 -0.005264 -0.414941 0.909778
1628250137.512491 12.620351 -12.318873 -0.142415 0.009437 -0.005422 -0.396908 0.917794
1628250137.612690 12.718766 -12.419685 -0.134891 0.009349 -0.008120 -0.388051 0.921555
1628250137.712890 12.826688 -12.527951 -0.138854 0.010585 -0.006654 -0.384513 0.923035
1628250137.813317 12.937192 -12.626249 -0.153252 0.010812 -0.003242 -0.387123 0.921959
1628250137.913674 13.053137 -12.730401 -0.155824 0.007917 -0.003213 -0.395034 0.918627
1628250138.013791 13.168384 -12.838200 -0.159553 0.005627 -0.002041 -0.405844 0.913923
1628250138.113674 13.273973 -12.947364 -0.155378 0.005409 0.000974 -0.418209 0.908334
1628250138.214033 13.375264 -13.054272 -0.150426 0.004453 0.001808 -0.431614 0.902045
1628250138.314067 13.472143 -13.156438 -0.151377 0.002937 0.001083 -0.446088 0.894983
1628250138.414353 13.550890 -13.250641 -0.154383 0.002745 0.001395 -0.459489 0.888178
1628250138.517032 13.632045 -13.342895 -0.155201 0.003639 0.003436 -0.474887 0.880033
1628250138.614681 13.708776 -13.430163 -0.151207 0.003689 0.003519 -0.488519 0.872538
1628250138.714864 13.783842 -13.519771 -0.150884 0.003730 0.003638 -0.501837 0.864946
1628250138.815039 13.846857 -13.608555 -0.154523 0.004411 0.004347 -0.514123 0.857694
1628250138.916766 13.909824 -13.698722 -0.153844 0.004715 0.003805 -0.525448 0.850804
1628250139.015428 13.966181 -13.786920 -0.154866 0.004107 0.004057 -0.533810 0.845585
1628250139.115618 14.019658 -13.874754 -0.153664 0.003505 0.003689 -0.539247 0.842132
1628250139.215826 14.065448 -13.962093 -0.155022 0.002820 0.001841 -0.539868 0.841743
1628250139.316033 14.107528 -14.054054 -0.158038 0.003712 0.000339 -0.537604 0.843189
1628250139.416514 14.146679 -14.151716 -0.161567 0.004210 -0.001051 -0.531666 0.846943
1628250139.516416 14.190891 -14.246294 -0.165577 0.004235 -0.001385 -0.523565 0.851974
1628250139.616602 14.233838 -14.342595 -0.168968 0.002709 -0.002487 -0.513696 0.857965
1628250139.716799 14.276805 -14.442469 -0.165833 0.002628 -0.003083 -0.502236 0.864721
1628250139.816980 14.326244 -14.545655 -0.167275 0.003518 -0.002639 -0.490646 0.871348
1628250139.917374 14.382857 -14.656149 -0.166319 0.004678 -0.002068 -0.479436 0.877562
1628250140.017371 14.448489 -14.768024 -0.167117 0.004847 -0.001576 -0.469342 0.883002
1628250140.117609 14.520758 -14.886550 -0.164862 0.005004 -0.000723 -0.458935 0.888456
1628250140.217765 14.595818 -15.011230 -0.165530 0.005543 0.000703 -0.448778 0.893626
1628250140.317956 14.679353 -15.138701 -0.170280 0.006108 0.000286 -0.437719 0.899091
1628250140.418156 14.765065 -15.269432 -0.170827 0.006648 -0.000557 -0.426933 0.904259
1628250140.518362 14.865291 -15.406582 -0.171942 0.007876 -0.000549 -0.415797 0.909423
1628250140.618543 14.971745 -15.536309 -0.172108 0.008271 -0.001132 -0.404697 0.914413
1628250140.718820 15.092439 -15.668089 -0.174820 0.008151 -0.002155 -0.392192 0.919845
1628250140.818933 15.221409 -15.807358 -0.178187 0.007826 -0.002109 -0.379555 0.925134
1628250140.920018 15.352467 -15.942242 -0.180915 0.007207 -0.004778 -0.367007 0.930178
1628250141.019322 15.479414 -16.075686 -0.183840 0.006106 -0.009463 -0.355144 0.934744
1628250141.119639 15.616614 -16.204697 -0.190457 0.005820 -0.009204 -0.343323 0.939154
1628250141.219706 15.755955 -16.335130 -0.186658 0.006945 -0.006137 -0.335062 0.942150
1628250141.320204 15.895225 -16.449654 -0.183432 0.007157 -0.003503 -0.334204 0.942467
1628250141.420154 16.043159 -16.563471 -0.181586 0.007579 -0.002580 -0.334962 0.942198
1628250141.520291 16.185099 -16.680965 -0.182488 0.008656 -0.001843 -0.337523 0.941276
1628250141.620228 16.333471 -16.796176 -0.187419 0.008941 0.001666 -0.335933 0.941842
1628250141.720706 16.481449 -16.917432 -0.190148 0.009011 0.004923 -0.326431 0.945165
1628250141.820890 16.629648 -17.043507 -0.189940 0.011271 0.004546 -0.311731 0.950093
1628250141.923927 16.776651 -17.163823 -0.185703 0.012364 0.001134 -0.295314 0.955320
1628250142.021288 16.923249 -17.268059 -0.183568 0.010525 -0.001269 -0.277450 0.960682
1628250142.122198 17.076603 -17.375786 -0.186265 0.009189 -0.002129 -0.256480 0.966504
1628250142.221944 17.236050 -17.482524 -0.191770 0.009942 -0.002873 -0.237092 0.971432
1628250142.321865 17.400093 -17.579250 -0.196528 0.010730 -0.002720 -0.227944 0.973611
1628250142.422464 17.575194 -17.666697 -0.200170 0.009403 -0.001929 -0.228255 0.973554
1628250142.524793 17.755584 -17.750641 -0.201377 0.006769 -0.001327 -0.236003 0.971728
1628250142.622384 17.926423 -17.824454 -0.194913 0.004006 -0.000945 -0.244935 0.969531
1628250142.722638 18.097945 -17.908551 -0.187835 0.002527 -0.002149 -0.256668 0.966494
1628250142.822849 18.272046 -17.996554 -0.189864 0.001462 -0.002221 -0.271070 0.962556
1628250142.923033 18.447808 -18.078255 -0.191642 0.000550 -0.001536 -0.286381 0.958115
1628250143.023236 18.621557 -18.166300 -0.194937 -0.000722 -0.001573 -0.303324 0.952886
1628250143.124074 18.789355 -18.260930 -0.194481 -0.001479 -0.000655 -0.320863 0.947124
1628250143.223619 18.956189 -18.359524 -0.195105 -0.002034 -0.000011 -0.338705 0.940890
1628250143.323854 19.121685 -18.473492 -0.196670 -0.002695 0.000710 -0.357769 0.933806
1628250143.424011 19.275815 -18.588203 -0.196762 -0.003768 0.002298 -0.375902 0.926649
1628250143.524221 19.427409 -18.710586 -0.198336 -0.004552 0.003120 -0.395628 0.918394
1628250143.624421 19.578355 -18.840311 -0.195831 -0.004859 0.003918 -0.415271 0.909676
1628250143.724609 19.728302 -18.976126 -0.197829 -0.005303 0.004684 -0.434401 0.900692
1628250143.824820 19.867644 -19.117385 -0.198091 -0.005265 0.005165 -0.453138 0.891410
1628250143.925055 20.003068 -19.269309 -0.199347 -0.004530 0.005103 -0.471157 0.882023
1628250144.025201 20.125310 -19.426048 -0.201224 -0.004035 0.005072 -0.486532 0.873639
1628250144.125394 20.247725 -19.588536 -0.202307 -0.003409 0.006059 -0.500946 0.865451
1628250144.225622 20.361811 -19.753992 -0.202450 -0.002832 0.006492 -0.515603 0.856798
1628250144.325781 20.468722 -19.924617 -0.203486 -0.003013 0.006051 -0.526700 0.850024
1628250144.425968 20.571336 -20.097225 -0.208844 -0.002138 0.006374 -0.535473 0.844526
1628250144.526173 20.664989 -20.272819 -0.212020 -0.000912 0.004826 -0.542514 0.840032
1628250144.626383 20.748753 -20.453902 -0.214880 -0.000491 0.003842 -0.545874 0.837858
1628250144.726905 20.829936 -20.632707 -0.221583 0.000370 0.003628 -0.544679 0.838637
1628250144.826779 20.906904 -20.814566 -0.223219 0.001667 0.002090 -0.540752 0.841178
1628250144.927021 20.990977 -20.995757 -0.222246 0.002831 0.001142 -0.535721 0.844390
1628250145.027145 21.067791 -21.173186 -0.221713 0.004396 0.000956 -0.529644 0.848208
1628250145.127335 21.160257 -21.347602 -0.216863 0.006901 0.002060 -0.523773 0.851827
1628250145.227547 21.252958 -21.523798 -0.220044 0.008583 0.002530 -0.518087 0.855281
1628250145.327734 21.346350 -21.697785 -0.228257 0.009382 0.001611 -0.512863 0.858418
1628250145.427952 21.444076 -21.874549 -0.235947 0.010562 0.001577 -0.507915 0.861341
1628250145.528123 21.546360 -22.046203 -0.236849 0.011778 0.001146 -0.502824 0.864308
1628250145.628392 21.645061 -22.217567 -0.238525 0.013153 0.000527 -0.497568 0.867325
1628250145.728508 21.737520 -22.386074 -0.238828 0.013249 -0.000924 -0.492182 0.870391
1628250145.828749 21.831373 -22.550495 -0.237886 0.012466 -0.002063 -0.487702 0.872919
1628250145.928898 21.929100 -22.710020 -0.242398 0.011677 -0.001641 -0.483438 0.875299
1628250146.029115 22.028979 -22.864548 -0.244978 0.011279 -0.000582 -0.479007 0.877739
1628250146.129298 22.125680 -23.012777 -0.244818 0.010958 0.000641 -0.473951 0.880483
1628250146.229522 22.220145 -23.157368 -0.246291 0.009804 0.001401 -0.469411 0.882924
1628250146.329686 22.305246 -23.295723 -0.248740 0.009550 0.001412 -0.465024 0.885245
1628250146.429886 22.392436 -23.435449 -0.249415 0.010381 0.002017 -0.460737 0.887474
1628250146.530074 22.479703 -23.565930 -0.250772 0.010315 0.001729 -0.456396 0.889715
1628250146.630278 22.567922 -23.687051 -0.251991 0.009923 0.002098 -0.452449 0.891733
1628250146.730478 22.654399 -23.802896 -0.251712 0.010165 0.003007 -0.448762 0.893589
1628250146.830693 22.739102 -23.908943 -0.251606 0.009911 0.002944 -0.445260 0.895341
1628250146.930852 22.815932 -24.007223 -0.253015 0.010056 0.003168 -0.442517 0.896698
1628250147.031049 22.889091 -24.098915 -0.253350 0.010036 0.004102 -0.439957 0.897954
1628250147.131243 22.957023 -24.182463 -0.254272 0.009792 0.004492 -0.437040 0.899378
1628250147.231443 23.013359 -24.259374 -0.253559 0.009387 0.004522 -0.434723 0.900504
1628250147.331645 23.068578 -24.331293 -0.252657 0.009757 0.003869 -0.432902 0.901380
1628250147.431867 23.116104 -24.394303 -0.255886 0.010016 0.003371 -0.430782 0.902394
1628250147.532038 23.157883 -24.453667 -0.255958 0.009864 0.003346 -0.429023 0.903233
1628250147.632217 23.199623 -24.507203 -0.257394 0.009680 0.003376 -0.427154 0.904121
1628250147.732567 23.247687 -24.557393 -0.258004 0.008849 0.002879 -0.425482 0.904919
1628250147.832609 23.288148 -24.602935 -0.258929 0.009031 0.002627 -0.423804 0.905705
1628250147.932806 23.324350 -24.646705 -0.261685 0.009301 0.002256 -0.422499 0.906313
1628250148.033063 23.354447 -24.684468 -0.263062 0.009150 0.002240 -0.421540 0.906761
1628250148.133329 23.379367 -24.716754 -0.262525 0.008795 0.002170 -0.420226 0.907374
1628250148.233427 23.407420 -24.748940 -0.261391 0.008940 0.002457 -0.418846 0.908010
1628250148.333587 23.430091 -24.777242 -0.261759 0.009848 0.002387 -0.418239 0.908280
1628250148.433811 23.450349 -24.801788 -0.263288 0.009883 0.002013 -0.417417 0.908659
1628250148.534439 23.468210 -24.825782 -0.262873 0.008788 0.001776 -0.416504 0.909090
1628250148.634192 23.487642 -24.850565 -0.261564 0.008226 0.002095 -0.415497 0.909555
1628250148.734422 23.507143 -24.875429 -0.263002 0.008380 0.001605 -0.414586 0.909970
1628250148.834573 23.529176 -24.902239 -0.264969 0.009016 0.000756 -0.413682 0.910376
1628250148.934758 23.557502 -24.929496 -0.265402 0.009644 0.000707 -0.412524 0.910895
1628250149.034951 23.585634 -24.959283 -0.266604 0.008985 0.000720 -0.411279 0.911465
1628250149.135164 23.616208 -24.988606 -0.266899 0.008234 0.000949 -0.410322 0.911903
1628250149.235339 23.647444 -25.025245 -0.267230 0.007771 0.000803 -0.409229 0.912398
1628250149.335547 23.677884 -25.057238 -0.267947 0.007639 0.000040 -0.407923 0.912984
1628250149.435754 23.708531 -25.090378 -0.267618 0.007850 -0.001035 -0.406834 0.913468
1628250149.535934 23.743909 -25.124551 -0.268077 0.008460 -0.001195 -0.405178 0.914198
1628250149.636172 23.782232 -25.167145 -0.268214 0.007776 -0.000983 -0.403737 0.914842
1628250149.736358 23.825491 -25.211865 -0.269719 0.006450 -0.001848 -0.401660 0.915764
1628250149.836510 23.869161 -25.264991 -0.269458 0.005643 -0.002810 -0.399019 0.916921
1628250149.936723 23.917344 -25.323532 -0.269097 0.006469 -0.002688 -0.396831 0.917865
1628250150.037323 23.976752 -25.392410 -0.270419 0.006922 -0.003388 -0.394587 0.918826
1628250150.137121 24.039880 -25.466710 -0.270721 0.006875 -0.004523 -0.391763 0.920029
1628250150.237331 24.105686 -25.544934 -0.270163 0.007267 -0.003534 -0.389292 0.921079
1628250150.337490 24.183617 -25.625421 -0.271453 0.006630 -0.003667 -0.385848 0.922531
1628250150.437696 24.265108 -25.707734 -0.271742 0.006644 -0.004387 -0.382349 0.923984
1628250150.537913 24.351122 -25.793871 -0.274023 0.007321 -0.004597 -0.379253 0.925252
1628250150.638093 24.439814 -25.879415 -0.275105 0.007753 -0.005037 -0.375695 0.926697
1628250150.738274 24.526211 -25.959126 -0.275459 0.007792 -0.004192 -0.372366 0.928044
1628250150.838620 24.614144 -26.037770 -0.273981 0.007434 -0.004280 -0.368304 0.929666
1628250150.938685 24.696745 -26.118581 -0.273824 0.007220 -0.004641 -0.364567 0.931138
1628250151.039103 24.783184 -26.201214 -0.272538 0.008066 -0.003854 -0.361071 0.932495
1628250151.139069 24.871651 -26.282961 -0.271691 0.008776 -0.003085 -0.357510 0.933863
1628250151.239246 24.958318 -26.364358 -0.270767 0.008592 -0.004052 -0.353067 0.935550
1628250151.339443 25.051709 -26.447002 -0.270117 0.008489 -0.003987 -0.349730 0.936804
1628250151.439684 25.144156 -26.534065 -0.264898 0.008242 -0.002987 -0.345762 0.938281
1628250151.539851 25.239744 -26.618939 -0.266686 0.008699 -0.003028 -0.341804 0.939726
1628250151.640086 25.339277 -26.709146 -0.265892 0.008962 -0.002805 -0.337954 0.941116
1628250151.740234 25.438685 -26.793537 -0.270769 0.009341 -0.002132 -0.336267 0.941718
1628250151.840450 25.541406 -26.872449 -0.272456 0.008656 -0.001830 -0.334905 0.942210
1628250151.940629 25.644583 -26.956748 -0.276439 0.008145 -0.002072 -0.333737 0.942629
1628250152.040809 25.747183 -27.034142 -0.278992 0.008496 -0.002251 -0.332973 0.942895
1628250152.141008 25.850799 -27.110450 -0.277414 0.008893 -0.002256 -0.332821 0.942945
1628250152.241215 25.956279 -27.187882 -0.274881 0.008746 -0.001545 -0.333234 0.942802
1628250152.341443 26.065250 -27.268636 -0.276564 0.008138 -0.002143 -0.333803 0.942605
1628250152.441597 26.173476 -27.346508 -0.277154 0.007665 -0.002775 -0.336890 0.941509
1628250152.541794 26.280355 -27.427968 -0.277884 0.007582 -0.002213 -0.340456 0.940227
1628250152.642009 26.391259 -27.514759 -0.278224 0.007440 -0.002245 -0.344591 0.938721
1628250152.742187 26.498482 -27.601994 -0.280575 0.007896 -0.002566 -0.348794 0.937163
1628250152.844175 26.616008 -27.701213 -0.280427 0.007764 -0.002804 -0.353880 0.935254
1628250152.942584 26.727928 -27.783798 -0.275268 0.006894 -0.002400 -0.357780 0.933777
1628250153.042762 26.842731 -27.880369 -0.277736 0.005596 -0.003195 -0.362036 0.932142
1628250153.142964 26.961708 -27.983406 -0.283143 0.005950 -0.003776 -0.365984 0.930594
1628250153.243172 27.085910 -28.091792 -0.282828 0.005717 -0.003400 -0.370018 0.929001
1628250153.343350 27.209698 -28.196373 -0.286176 0.005202 -0.003306 -0.373270 0.927702
1628250153.443574 27.332998 -28.303434 -0.288632 0.005108 -0.003805 -0.377151 0.926130
1628250153.543754 27.457558 -28.415184 -0.285752 0.005406 -0.003225 -0.381092 0.924516
1628250153.643939 27.584653 -28.532395 -0.283838 0.005373 -0.002184 -0.383716 0.923433
1628250153.744136 27.714433 -28.648064 -0.281526 0.005424 -0.002743 -0.386135 0.922422
1628250153.844340 27.839660 -28.758404 -0.278779 0.005701 -0.001828 -0.388805 0.921301
1628250153.944556 27.965149 -28.882023 -0.282477 0.006015 -0.001207 -0.391829 0.920018
1628250154.045208 28.089761 -29.008475 -0.288047 0.006784 -0.001246 -0.394524 0.918860
1628250154.144914 28.212774 -29.136071 -0.287791 0.006831 -0.000864 -0.397281 0.917671
1628250154.245144 28.337201 -29.262588 -0.290518 0.006604 -0.002489 -0.399996 0.916490
1628250154.345320 28.464148 -29.389839 -0.292965 0.006000 -0.003366 -0.402863 0.915235
1628250154.445517 28.587623 -29.521427 -0.288558 0.007291 -0.001287 -0.405564 0.914037
1628250154.545732 28.705999 -29.647502 -0.288027 0.008371 -0.000739 -0.407430 0.913198
1628250154.645904 28.825349 -29.777461 -0.288367 0.008725 -0.000845 -0.410667 0.911743
1628250154.746087 28.947295 -29.902864 -0.293490 0.008795 -0.000699 -0.412757 0.910798
1628250154.846289 29.070161 -30.037374 -0.296473 0.008047 -0.001760 -0.414353 0.910079
1628250154.946490 29.197989 -30.174455 -0.298017 0.008220 -0.001642 -0.414047 0.910217
1628250155.046685 29.325216 -30.317668 -0.299235 0.009752 -0.000892 -0.413082 0.910641
1628250155.146877 29.453746 -30.464340 -0.301217 0.010414 -0.000463 -0.411481 0.911359
1628250155.247059 29.584320 -30.608612 -0.297683 0.011089 -0.000021 -0.407973 0.912927
1628250155.347270 29.706108 -30.752348 -0.298874 0.011108 -0.000581 -0.402750 0.915242
1628250155.447756 29.832293 -30.897729 -0.303384 0.012462 -0.000781 -0.396706 0.917861
1628250155.547665 29.958049 -31.043099 -0.304162 0.013129 0.000266 -0.388799 0.921229
1628250155.647839 30.083065 -31.182803 -0.309726 0.013361 0.000491 -0.379693 0.925016
1628250155.748037 30.210343 -31.321805 -0.311359 0.013980 0.000246 -0.369570 0.929098
1628250155.848245 30.336742 -31.452550 -0.314719 0.014358 -0.000655 -0.358517 0.933413
1628250155.948440 30.467842 -31.575634 -0.316123 0.014535 -0.001182 -0.347606 0.937527
1628250156.048653 30.593600 -31.693188 -0.318227 0.015021 -0.001707 -0.335467 0.941931
1628250156.148829 30.725296 -31.804821 -0.320957 0.015365 -0.002626 -0.324146 0.945879
1628250156.249034 30.864421 -31.911213 -0.321113 0.015101 -0.002199 -0.311696 0.950059
1628250156.349230 31.005924 -32.022183 -0.323093 0.015938 -0.001693 -0.298948 0.954135
1628250156.449452 31.155499 -32.137146 -0.326602 0.016431 -0.000691 -0.287697 0.957580
1628250156.549624 31.304999 -32.244640 -0.325901 0.016060 0.000035 -0.275726 0.961102
1628250156.649816 31.456631 -32.356768 -0.328248 0.015400 -0.001235 -0.264773 0.964187
1628250156.750005 31.613285 -32.460514 -0.329645 0.015929 -0.000960 -0.254888 0.966839
1628250156.850226 31.773485 -32.558266 -0.330588 0.015207 -0.000555 -0.247249 0.968833
1628250156.950413 31.930155 -32.647226 -0.332376 0.013759 -0.001676 -0.245470 0.969305
1628250157.050587 32.096256 -32.732353 -0.333876 0.012010 -0.001765 -0.246454 0.969079
1628250157.150782 32.266815 -32.809740 -0.336003 0.011215 -0.001939 -0.251876 0.967693
1628250157.251021 32.439643 -32.889333 -0.330617 0.009224 -0.000913 -0.261184 0.965244
1628250157.351274 32.606866 -32.964721 -0.328610 0.006848 0.000155 -0.273056 0.961974
1628250157.451373 32.777203 -33.045827 -0.327977 0.004447 0.000380 -0.287169 0.957870
1628250157.551557 32.949303 -33.140213 -0.330162 0.002992 0.001384 -0.301184 0.953560
1628250157.652775 33.120886 -33.249588 -0.335660 0.001248 0.001952 -0.314055 0.949402
1628250157.751947 33.287967 -33.362403 -0.339612 0.000247 0.002046 -0.325211 0.945639
1628250157.853730 33.453945 -33.489017 -0.341380 0.000276 0.002646 -0.336380 0.941723
1628250157.952728 33.609503 -33.609129 -0.340144 0.000634 0.003418 -0.346998 0.937859
1628250158.052579 33.767286 -33.728726 -0.340261 0.000879 0.004647 -0.357937 0.933734
1628250158.152869 33.927845 -33.855859 -0.343610 0.000609 0.004600 -0.368587 0.929582
1628250158.253081 34.083203 -33.987862 -0.344645 0.000831 0.004733 -0.379112 0.925338
1628250158.353132 34.235444 -34.120876 -0.346148 0.000831 0.005609 -0.387282 0.921944
1628250158.453540 34.383330 -34.252301 -0.351586 0.001057 0.004724 -0.394689 0.918802
1628250158.553840 34.540427 -34.376052 -0.352496 0.001964 0.005063 -0.401302 0.915930
1628250158.654264 34.684317 -34.514331 -0.359169 0.002655 0.005121 -0.409024 0.912506
1628250158.753897 34.830674 -34.642770 -0.363750 0.002224 0.004302 -0.415331 0.909658
1628250158.854434 34.971584 -34.794146 -0.366205 0.002125 0.003238 -0.422908 0.906164
1628250158.954455 35.105114 -34.951891 -0.367504 0.003087 0.001921 -0.429995 0.902824
1628250159.054709 35.233820 -35.113572 -0.369168 0.003389 -0.000752 -0.436545 0.899676
1628250159.154699 35.362946 -35.272279 -0.372739 0.002884 -0.002711 -0.443043 0.896492
1628250159.255213 35.489775 -35.437363 -0.369623 0.004332 0.001307 -0.449182 0.893429
1628250159.355129 35.621242 -35.591481 -0.347795 0.008597 0.006094 -0.453410 0.891240
1628250159.461463 35.753373 -35.760918 -0.349525 0.008811 0.009470 -0.460461 0.887586
1628250159.555612 35.870302 -35.902433 -0.370182 0.007110 0.007379 -0.464936 0.885285
1628250159.655508 35.982219 -36.070288 -0.387312 0.006729 0.004483 -0.466984 0.884229
1628250159.755526 36.087855 -36.238431 -0.388093 0.007275 0.005342 -0.467193 0.884110
1628250159.860371 36.202369 -36.422491 -0.399299 0.007987 0.004184 -0.462623 0.886509
1628250159.954851 36.292410 -36.592252 -0.401698 0.009584 0.003001 -0.457374 0.889218
1628250160.057417 36.407107 -36.765187 -0.399818 0.011760 0.003291 -0.447702 0.894099
1628250160.156647 36.502564 -36.940033 -0.399777 0.012579 0.002587 -0.435902 0.899903
1628250160.260896 36.631591 -37.101959 -0.398816 0.012555 0.001379 -0.420275 0.907309
1628250160.357042 36.734620 -37.273060 -0.401340 0.013559 0.001186 -0.406804 0.913414
1628250160.457283 36.863279 -37.438006 -0.406583 0.014037 0.000834 -0.389831 0.920779
1628250160.557465 36.993659 -37.602890 -0.412753 0.014186 0.000019 -0.373418 0.927555
1628250160.657605 37.144260 -37.751546 -0.415192 0.014908 0.000188 -0.355512 0.934553
1628250160.757814 37.309430 -37.885253 -0.418321 0.015647 0.000974 -0.336795 0.941447
1628250160.863407 37.481032 -38.024969 -0.419723 0.015986 0.000110 -0.319618 0.947412
1628250160.958186 37.633902 -38.146802 -0.419555 0.016355 -0.000291 -0.304714 0.952303
1628250161.058483 37.795831 -38.264780 -0.419851 0.016159 -0.001041 -0.290063 0.956871
1628250161.158624 37.968280 -38.376695 -0.423709 0.016560 -0.000973 -0.276344 0.960916
1628250161.258770 38.139819 -38.487080 -0.430494 0.016038 -0.001508 -0.264430 0.964270
1628250161.359004 38.314891 -38.587387 -0.434836 0.015117 -0.001731 -0.255115 0.966791
1628250161.459178 38.492436 -38.686384 -0.437720 0.014905 -0.001365 -0.249183 0.968341
1628250161.559377 38.672375 -38.782767 -0.435575 0.014490 -0.000357 -0.248212 0.968597
1628250161.662082 38.851372 -38.875975 -0.435086 0.013652 0.000390 -0.249666 0.968236
1628250161.759761 39.028793 -38.965693 -0.434580 0.012009 -0.000889 -0.253553 0.967247
1628250161.864744 39.218203 -39.061231 -0.433358 0.010813 -0.001489 -0.259989 0.965550
1628250161.960151 39.388868 -39.150778 -0.433886 0.010787 -0.001683 -0.266668 0.963727
1628250162.060348 39.563559 -39.243210 -0.432814 0.010206 -0.001405 -0.276443 0.960975
1628250162.160548 39.735344 -39.342749 -0.436563 0.009680 -0.001427 -0.288619 0.957394
1628250162.261735 39.904353 -39.447113 -0.436612 0.008383 -0.001174 -0.303950 0.952651
1628250162.360929 40.073703 -39.553627 -0.435316 0.007857 0.000349 -0.319415 0.947582
1628250162.461139 40.248013 -39.664229 -0.436011 0.006989 0.000700 -0.335070 0.942167
1628250162.561345 40.424478 -39.757242 -0.434823 0.006939 0.000797 -0.350754 0.936442
1628250162.664125 40.586967 -39.869609 -0.435869 0.006554 0.000717 -0.368417 0.929637
1628250162.761720 40.732507 -39.971997 -0.437982 0.006284 0.000766 -0.384744 0.923002
1628250162.861943 40.875524 -40.065252 -0.434938 0.006165 0.001859 -0.400202 0.916404
1628250162.962102 40.989818 -40.185698 -0.436918 0.007191 0.002686 -0.416511 0.909098
1628250163.068167 41.100734 -40.315408 -0.438455 0.007302 0.002459 -0.428795 0.903369
1628250163.162495 41.197310 -40.417146 -0.436545 0.007391 0.002447 -0.436223 0.899805
1628250163.262697 41.290870 -40.540029 -0.439926 0.008215 0.002590 -0.443804 0.896082
1628250163.362903 41.377689 -40.669686 -0.445793 0.008514 0.001933 -0.447567 0.894208
1628250163.463088 41.457593 -40.804995 -0.446682 0.009862 0.002207 -0.446193 0.894880
1628250163.563283 41.539319 -40.941267 -0.447540 0.010707 0.002128 -0.440519 0.897677
1628250163.663945 41.627527 -41.070764 -0.450611 0.011070 0.000903 -0.433382 0.901142
1628250163.763917 41.721132 -41.192817 -0.453064 0.011097 0.000513 -0.426312 0.904508
1628250163.863866 41.813924 -41.305107 -0.458578 0.010738 0.000720 -0.417931 0.908415
1628250163.964069 41.909505 -41.414190 -0.460988 0.009677 -0.000237 -0.408607 0.912659
1628250164.064250 41.993183 -41.521435 -0.461411 0.009352 -0.000239 -0.398656 0.917053
1628250164.164486 42.085389 -41.623021 -0.459406 0.009929 0.000211 -0.384592 0.923033
1628250164.264931 42.174448 -41.725237 -0.460800 0.009864 -0.001441 -0.367905 0.929810
1628250164.364842 42.264707 -41.826882 -0.462897 0.010145 -0.002485 -0.348614 0.937208
1628250164.465049 42.362673 -41.929891 -0.463412 0.010653 -0.003042 -0.326002 0.945304
1628250164.565250 42.464856 -42.032956 -0.465095 0.011211 -0.003539 -0.299416 0.954050
1628250164.665441 42.572677 -42.137669 -0.471690 0.012130 -0.004659 -0.270444 0.962648
1628250164.765684 42.679528 -42.239468 -0.467355 0.013107 -0.005357 -0.237950 0.971174
1628250164.865824 42.798265 -42.322180 -0.467265 0.014105 -0.005531 -0.201731 0.979324
1628250164.966012 42.919536 -42.404892 -0.468222 0.015803 -0.006838 -0.164331 0.986255
1628250165.066625 43.048626 -42.475253 -0.464544 0.016809 -0.005909 -0.124873 0.992013
1628250165.166411 43.180598 -42.545549 -0.464654 0.017406 -0.006277 -0.083902 0.996302
1628250165.266675 43.326770 -42.595189 -0.464684 0.018095 -0.007334 -0.040546 0.998987
1628250165.366838 43.481394 -42.630868 -0.455636 0.018876 -0.006731 0.001720 0.999798
1628250165.467275 43.642140 -42.655277 -0.458946 0.019065 -0.006053 0.045162 0.998779
1628250165.567195 43.801163 -42.662937 -0.458027 0.019286 -0.006424 0.087389 0.995967
1628250165.667378 43.970792 -42.651712 -0.458409 0.019107 -0.004898 0.128058 0.991570
1628250165.767586 44.141837 -42.629794 -0.461231 0.019405 -0.005848 0.164564 0.986158
1628250165.868125 44.309472 -42.586815 -0.456713 0.018383 -0.004860 0.184773 0.982597
1628250165.967988 44.464995 -42.529909 -0.454729 0.014468 -0.002673 0.195322 0.980629
1628250166.068181 44.615601 -42.461173 -0.448124 0.009642 -0.001985 0.193437 0.981063
1628250166.168374 44.751670 -42.398314 -0.439049 0.005880 -0.001127 0.185480 0.982630
1628250166.268831 44.883615 -42.336556 -0.431872 0.004030 0.001759 0.174258 0.984690
1628250166.368765 45.002777 -42.288130 -0.430962 0.002570 0.001904 0.162844 0.986647
1628250166.468950 45.104158 -42.242063 -0.435122 0.001292 0.000844 0.151430 0.988467
1628250166.569211 45.192199 -42.199064 -0.432048 -0.000267 0.003003 0.141096 0.989991
1628250166.669332 45.263724 -42.165943 -0.429676 0.000326 0.004605 0.131701 0.991279
1628250166.769614 45.314523 -42.141845 -0.427031 0.002294 0.004434 0.124050 0.992263
1628250166.869734 45.341707 -42.127585 -0.426512 0.003879 0.005523 0.119213 0.992846
1628250166.970221 45.353460 -42.129361 -0.430043 0.004188 0.005603 0.117440 0.993055
1628250167.070133 45.352136 -42.136409 -0.432787 0.003784 0.004405 0.117498 0.993056
1628250167.170321 45.338975 -42.142555 -0.432879 0.003637 0.002034 0.119040 0.992881
1628250167.270548 45.320149 -42.153482 -0.434209 0.004024 0.000442 0.121262 0.992612
1628250167.370707 45.299156 -42.161385 -0.433960 0.004549 -0.000017 0.124549 0.992203
1628250167.470910 45.273682 -42.174236 -0.435243 0.004898 -0.000567 0.128732 0.991667
1628250167.571091 45.249662 -42.179333 -0.436120 0.004579 -0.001530 0.133033 0.991100
1628250167.671380 45.220976 -42.186991 -0.437735 0.004069 -0.001881 0.138280 0.990383
1628250167.771490 45.188370 -42.194834 -0.437177 0.002690 -0.001632 0.143426 0.989656
1628250167.872039 45.156678 -42.198967 -0.437259 0.001517 -0.001851 0.149107 0.988818
1628250167.971886 45.128448 -42.207535 -0.437528 0.001138 -0.001793 0.154845 0.987936
1628250168.072090 45.095833 -42.227419 -0.436774 0.001172 -0.001920 0.160660 0.987007
1628250168.172258 45.064945 -42.243233 -0.439104 0.002046 -0.002423 0.166337 0.986064
1628250168.272778 45.034653 -42.261234 -0.440522 0.002105 -0.002929 0.172577 0.984989
1628250168.372662 45.008082 -42.270943 -0.440475 0.001746 -0.003144 0.178895 0.983862
1628250168.472918 44.983308 -42.285707 -0.442674 0.001241 -0.003450 0.184732 0.982782
1628250168.573053 44.958045 -42.296934 -0.442694 0.001142 -0.002971 0.190801 0.981623
1628250168.673260 44.934296 -42.312542 -0.441046 0.002040 -0.001792 0.197251 0.980349
1628250168.773489 44.908086 -42.334197 -0.439425 0.003680 -0.000872 0.203658 0.979035
1628250168.873640 44.879098 -42.360690 -0.438991 0.004121 -0.000565 0.210401 0.977606
1628250168.974125 44.845980 -42.381054 -0.440551 0.003510 -0.000609 0.217773 0.975993
1628250169.074014 44.813453 -42.396445 -0.440938 0.002464 -0.000484 0.225491 0.974242
1628250169.174220 44.781072 -42.418106 -0.440490 0.002031 0.000214 0.233354 0.972390
1628250169.274415 44.749016 -42.437769 -0.441759 0.002708 0.000390 0.241743 0.970337
1628250169.374778 44.714017 -42.457950 -0.442608 0.002632 -0.000231 0.250434 0.968130
1628250169.474807 44.677479 -42.476228 -0.443711 0.002349 -0.001182 0.259229 0.965812
1628250169.575031 44.639141 -42.504481 -0.445141 0.001306 -0.002494 0.267609 0.963524
1628250169.675199 44.599298 -42.532827 -0.447720 0.000011 -0.003564 0.276637 0.960968
1628250169.775405 44.558520 -42.565655 -0.446625 -0.000963 -0.003376 0.286171 0.958172
1628250169.875595 44.521397 -42.599741 -0.446628 -0.000982 -0.003756 0.296546 0.955011
1628250169.976298 44.482916 -42.642862 -0.447880 0.000106 -0.005779 0.305750 0.952094
1628250170.075973 44.439659 -42.686316 -0.449747 0.001388 -0.006111 0.316503 0.948571
1628250170.176171 44.397643 -42.725246 -0.448731 0.001292 -0.004688 0.328366 0.944538
1628250170.276402 44.349421 -42.766367 -0.450939 0.001486 -0.005272 0.340667 0.940168
1628250170.376563 44.305557 -42.806507 -0.454259 0.001304 -0.006302 0.353074 0.935573
1628250170.476751 44.260868 -42.852237 -0.456214 0.000530 -0.005998 0.366228 0.930506
1628250170.577088 44.212626 -42.900994 -0.458387 0.001290 -0.006437 0.379680 0.925095
1628250170.677144 44.167512 -42.955641 -0.460658 0.002143 -0.007250 0.393609 0.919247
1628250170.777796 44.125337 -43.011692 -0.461371 0.001674 -0.006804 0.408084 0.912918
1628250170.877532 44.081412 -43.080515 -0.460860 0.000278 -0.006944 0.422103 0.906521
1628250170.977775 44.041347 -43.144618 -0.463087 0.000140 -0.007778 0.436893 0.899480
1628250171.077947 44.002576 -43.203694 -0.465503 0.000224 -0.008463 0.451169 0.892398
1628250171.178152 43.969345 -43.265321 -0.466298 0.000256 -0.007950 0.465846 0.884830
1628250171.278320 43.931626 -43.328097 -0.468503 0.000896 -0.008832 0.480120 0.877158
1628250171.378595 43.901762 -43.394877 -0.470606 0.001367 -0.009728 0.494159 0.869316
1628250171.478724 43.869365 -43.462704 -0.470269 0.000562 -0.009463 0.508077 0.861259
1628250171.578934 43.842979 -43.528522 -0.470975 0.000665 -0.010232 0.519637 0.854326
1628250171.679106 43.820504 -43.584639 -0.473392 0.001330 -0.011437 0.524754 0.851176
1628250171.779333 43.796269 -43.638249 -0.475256 0.001687 -0.011482 0.525406 0.850772
1628250171.879502 43.768788 -43.683405 -0.474247 0.003640 -0.013113 0.522485 0.852540
1628250171.979726 43.752404 -43.718844 -0.475708 0.006625 -0.016360 0.520146 0.853895
1628250172.079889 43.743172 -43.733380 -0.478956 0.009010 -0.019021 0.518630 0.854739
1628250172.180120 43.743440 -43.731026 -0.481513 0.009231 -0.019107 0.519020 0.854499
1628250172.280293 43.751980 -43.711205 -0.478836 0.007653 -0.016688 0.520814 0.853473
1628250172.380488 43.763457 -43.684753 -0.478518 0.007763 -0.016815 0.525809 0.850401
1628250172.480686 43.783601 -43.647210 -0.478598 0.008616 -0.017260 0.534335 0.845053
1628250172.580869 43.815894 -43.595095 -0.477028 0.008078 -0.016776 0.545980 0.837591
1628250172.681058 43.851863 -43.533726 -0.476036 0.008360 -0.016519 0.561069 0.827562
1628250172.781267 43.900361 -43.470030 -0.475472 0.008884 -0.015836 0.578236 0.815667
1628250172.881467 43.948908 -43.392182 -0.473874 0.009394 -0.014610 0.598850 0.800673
1628250172.981684 43.995179 -43.306913 -0.471899 0.009635 -0.013636 0.620857 0.783746
1628250173.081840 44.035245 -43.215714 -0.467260 0.009150 -0.012728 0.644248 0.764656
1628250173.182361 44.072609 -43.114333 -0.465384 0.009107 -0.011683 0.669656 0.742524
1628250173.282245 44.102500 -43.002409 -0.464646 0.009771 -0.010342 0.694729 0.719131
1628250173.382432 44.126407 -42.877017 -0.451730 0.008607 -0.009187 0.719871 0.693994
1628250173.483265 44.139944 -42.754545 -0.452792 0.008487 -0.006569 0.745099 0.666868
1628250173.582810 44.146883 -42.629345 -0.454461 0.008539 -0.006084 0.769856 0.638131
1628250173.683012 44.148986 -42.495391 -0.454047 0.007706 -0.004190 0.793526 0.608473
1628250173.783279 44.132566 -42.362340 -0.453485 0.006355 -0.002897 0.815564 0.578625
1628250173.883433 44.104111 -42.229606 -0.449258 0.006067 -0.003093 0.834898 0.550362
1628250173.983584 44.071265 -42.098014 -0.445793 0.005855 -0.001503 0.852073 0.523388
1628250174.084739 44.032213 -41.968131 -0.439972 0.004461 0.001123 0.868030 0.496490
1628250174.184055 43.988174 -41.837614 -0.441830 0.004545 0.002079 0.882319 0.470626
1628250174.284043 43.933217 -41.710177 -0.445609 0.005717 0.002150 0.893745 0.448534
1628250174.384485 43.864991 -41.591365 -0.446150 0.005012 0.002604 0.901096 0.433584
1628250174.484500 43.784032 -41.479200 -0.443856 0.004029 0.001797 0.906820 0.421495
1628250174.584400 43.699417 -41.370275 -0.441030 0.003746 0.000121 0.912232 0.409656
1628250174.684266 43.611699 -41.264487 -0.441122 0.003121 -0.000795 0.916784 0.399370
1628250174.785232 43.519898 -41.158872 -0.437299 0.001942 -0.000852 0.921116 0.389282
1628250174.885358 43.430471 -41.065593 -0.438702 0.002808 -0.001779 0.925189 0.379491
1628250174.986935 43.343911 -40.977105 -0.442298 0.003870 -0.002085 0.928862 0.370400
1628250175.085748 43.251024 -40.888358 -0.443138 0.002747 -0.001885 0.932587 0.360930
1628250175.185950 43.167879 -40.808694 -0.441253 0.002840 -0.002643 0.936070 0.351792
1628250175.286134 43.080032 -40.727869 -0.442556 0.004166 -0.003872 0.939763 0.341781
1628250175.386514 42.994655 -40.644873 -0.438829 0.003172 -0.003422 0.943090 0.332505
1628250175.486526 42.907183 -40.559529 -0.436074 0.001873 -0.002750 0.946309 0.323246
1628250175.586749 42.818898 -40.480784 -0.433415 0.002653 -0.002595 0.949342 0.314224
1628250175.686960 42.733407 -40.405576 -0.433165 0.002960 -0.002377 0.952287 0.305179
1628250175.787447 42.646703 -40.333048 -0.431027 0.001877 -0.001860 0.954832 0.297135
1628250175.887380 42.557919 -40.261539 -0.429648 0.001885 -0.001912 0.956863 0.290527
1628250175.987499 42.463272 -40.195266 -0.430198 0.002226 -0.002821 0.957109 0.289705
1628250176.087818 42.367495 -40.131636 -0.430103 0.001893 -0.003659 0.956689 0.291084
1628250176.187888 42.263937 -40.071237 -0.430776 0.001480 -0.003523 0.955376 0.295368
1628250176.288285 42.160656 -40.010815 -0.430922 0.000292 -0.003397 0.953652 0.300893
1628250176.388278 42.054568 -39.952596 -0.431575 0.000302 -0.003678 0.951557 0.307449
1628250176.488569 41.948473 -39.889222 -0.431416 0.000545 -0.004359 0.949220 0.314584
1628250176.588668 41.837213 -39.823567 -0.430326 0.000758 -0.005327 0.946624 0.322294
1628250176.688869 41.723324 -39.755657 -0.430012 0.000503 -0.006328 0.943618 0.330974
1628250176.789066 41.611991 -39.678463 -0.427589 0.001305 -0.006940 0.940582 0.339493
1628250176.889838 41.502254 -39.597705 -0.427598 0.001955 -0.007783 0.937154 0.348824
1628250176.989591 41.398237 -39.509992 -0.427823 0.002256 -0.007917 0.933531 0.358402
1628250177.089648 41.286784 -39.418690 -0.427793 0.001778 -0.008266 0.929860 0.367817
1628250177.189852 41.174182 -39.320242 -0.428258 0.002419 -0.009214 0.926300 0.376666
1628250177.290124 41.055208 -39.218432 -0.430323 0.002989 -0.009713 0.923707 0.382964
1628250177.390990 40.936066 -39.108574 -0.427519 0.001130 -0.009323 0.921634 0.387946
1628250177.490425 40.813692 -38.994445 -0.423452 0.000708 -0.008782 0.921032 0.389386
1628250177.590628 40.693327 -38.869897 -0.419386 0.002090 -0.008996 0.921289 0.388769
1628250177.690821 40.576306 -38.744720 -0.416265 0.002128 -0.008894 0.922441 0.386031
1628250177.791040 40.459862 -38.614216 -0.415679 0.003690 -0.009295 0.925081 0.379637
1628250177.891799 40.341311 -38.485454 -0.420455 0.004799 -0.009457 0.928507 0.371162
1628250177.991442 40.216343 -38.359972 -0.418011 0.003878 -0.007541 0.932176 0.361907
1628250178.091611 40.085156 -38.233705 -0.416725 0.004482 -0.006907 0.936125 0.351570
1628250178.191827 39.949229 -38.108795 -0.417612 0.004909 -0.006561 0.940033 0.340984
1628250178.291996 39.811687 -37.989914 -0.416085 0.004189 -0.005735 0.944236 0.329192
1628250178.392198 39.674115 -37.871804 -0.413500 0.004189 -0.005875 0.948623 0.316328
1628250178.492451 39.526908 -37.752716 -0.411046 0.004342 -0.005275 0.952948 0.303057
1628250178.592581 39.374634 -37.636877 -0.408075 0.003963 -0.004738 0.957051 0.289854
1628250178.692790 39.215497 -37.526287 -0.405985 0.003685 -0.004906 0.960623 0.277787
1628250178.792983 39.051659 -37.414699 -0.407322 0.003315 -0.005619 0.963306 0.268325
1628250178.893263 38.885938 -37.306655 -0.407370 0.004056 -0.006635 0.964948 0.262326
1628250178.993385 38.709827 -37.199396 -0.408264 0.004545 -0.007856 0.965669 0.259616
1628250179.093925 38.532044 -37.097673 -0.408530 0.005245 -0.009210 0.965923 0.258612
1628250179.193974 38.357983 -36.999704 -0.405346 0.006307 -0.009541 0.966081 0.257987
1628250179.293961 38.180859 -36.898796 -0.404131 0.005305 -0.009399 0.966098 0.257948
1628250179.394139 38.000973 -36.802700 -0.402962 0.004673 -0.009245 0.965276 0.261026
1628250179.494352 37.818762 -36.710484 -0.399239 0.004607 -0.009343 0.963738 0.266649
1628250179.594536 37.642771 -36.615536 -0.393850 0.005154 -0.009803 0.961803 0.273518
1628250179.694793 37.469697 -36.519359 -0.388752 0.004429 -0.010895 0.959162 0.282613
1628250179.794945 37.292880 -36.420765 -0.387017 0.003733 -0.011532 0.956235 0.292348
1628250179.895279 37.120474 -36.318997 -0.386593 0.003747 -0.011900 0.952481 0.304343
1628250179.995310 36.948321 -36.212679 -0.384764 0.002759 -0.012189 0.948629 0.316144
1628250180.095515 36.782786 -36.101891 -0.386094 0.002776 -0.012733 0.944352 0.328677
1628250180.195759 36.619419 -35.993870 -0.386441 0.003797 -0.013106 0.939819 0.341401
1628250180.295924 36.463280 -35.880461 -0.382835 0.004955 -0.013407 0.935257 0.353680
1628250180.396092 36.311413 -35.756811 -0.379926 0.006871 -0.015161 0.930129 0.366857
1628250180.496289 36.156197 -35.635184 -0.379877 0.007670 -0.017039 0.924901 0.379750
1628250180.596484 36.005476 -35.513404 -0.379698 0.000720 -0.016447 0.921370 0.388338
1628250180.696690 35.862019 -35.373662 -0.369512 -0.005769 -0.013852 0.918903 0.394199
1628250180.796978 35.721495 -35.232769 -0.361169 -0.005848 -0.012245 0.916618 0.399534
1628250180.897074 35.586881 -35.085089 -0.358657 -0.000267 -0.013575 0.914247 0.404930
1628250180.997288 35.445335 -34.937912 -0.361007 0.002056 -0.014194 0.912540 0.408736
1628250181.097484 35.304480 -34.784189 -0.358755 0.001668 -0.012447 0.911408 0.411312
1628250181.197655 35.167137 -34.629594 -0.359070 0.001633 -0.011633 0.910712 0.412876
1628250181.297884 35.027711 -34.475147 -0.359926 0.002224 -0.012040 0.911292 0.411578
1628250181.398469 34.884658 -34.322917 -0.358048 0.001670 -0.011654 0.913374 0.406952
1628250181.500738 34.746184 -34.169979 -0.353741 0.001949 -0.010891 0.917297 0.398049
1628250181.598457 34.618755 -34.032696 -0.347317 0.002993 -0.009902 0.922228 0.386509
1628250181.698635 34.485851 -33.886612 -0.344000 0.003161 -0.008200 0.928479 0.371280
1628250181.798835 34.349021 -33.745463 -0.342394 0.003578 -0.006917 0.934889 0.354855
1628250181.899024 34.206730 -33.607490 -0.339300 0.002864 -0.005783 0.941161 0.337898
1628250181.999254 34.056295 -33.469787 -0.337764 0.002835 -0.004729 0.946074 0.323905
1628250182.099418 33.901302 -33.345473 -0.337062 0.002499 -0.004752 0.949785 0.312856
1628250182.200719 33.735209 -33.217321 -0.339958 0.002760 -0.005994 0.952434 0.304674
1628250182.299834 33.568697 -33.100567 -0.341364 0.003196 -0.007229 0.953165 0.302348
1628250182.400011 33.395212 -32.981488 -0.341776 0.001876 -0.008158 0.952548 0.304274
1628250182.500228 33.219347 -32.865450 -0.336744 0.001847 -0.009579 0.951019 0.308977
1628250182.600451 33.042247 -32.748491 -0.332405 0.001861 -0.009648 0.949044 0.314992
1628250182.700606 32.869163 -32.627907 -0.328554 0.001097 -0.010295 0.946449 0.322688
1628250182.800803 32.698891 -32.508280 -0.327189 0.001424 -0.011123 0.943267 0.331846
1628250182.900980 32.534790 -32.388421 -0.329676 0.002629 -0.011531 0.939858 0.341361
1628250183.001254 32.375215 -32.267740 -0.326655 0.003185 -0.011689 0.935848 0.352195
1628250183.101514 32.226651 -32.139324 -0.323921 0.002303 -0.011208 0.931904 0.362524
1628250183.201977 32.079163 -32.012109 -0.321057 0.002551 -0.011547 0.927580 0.373438
1628250183.301778 31.945017 -31.876087 -0.313642 0.003641 -0.011043 0.923165 0.384227
1628250183.401962 31.796362 -31.740691 -0.310199 0.002235 -0.010627 0.918350 0.395621
1628250183.502251 31.644361 -31.604213 -0.308106 0.001693 -0.010872 0.913567 0.406540
1628250183.602348 31.495541 -31.462006 -0.307206 0.001355 -0.011301 0.908283 0.418202
1628250183.702542 31.345574 -31.316059 -0.306794 0.000914 -0.011747 0.903017 0.429443
1628250183.802966 31.199254 -31.171991 -0.305196 0.000402 -0.012345 0.897422 0.441000
1628250183.902998 31.050711 -31.019901 -0.303545 0.000684 -0.012784 0.891711 0.452424
1628250184.003128 30.913141 -30.866125 -0.298758 0.001790 -0.013221 0.885677 0.464109
1628250184.103362 30.779603 -30.712779 -0.299024 0.002096 -0.013621 0.879670 0.475384
1628250184.203790 30.654497 -30.549565 -0.298507 0.002580 -0.013683 0.875038 0.483853
1628250184.303825 30.543253 -30.386014 -0.295414 0.002236 -0.012559 0.871674 0.489919
1628250184.403912 30.440768 -30.219419 -0.291989 0.001261 -0.010741 0.870349 0.492316
1628250184.504100 30.344776 -30.046687 -0.290903 0.001763 -0.008774 0.870988 0.491222
1628250184.604317 30.249020 -29.872537 -0.288795 0.001246 -0.006620 0.873682 0.486450
1628250184.704494 30.150858 -29.693691 -0.287038 0.001874 -0.005929 0.878506 0.477691
1628250184.804709 30.046832 -29.514327 -0.280470 0.002442 -0.004591 0.883910 0.467629
1628250184.904886 29.937933 -29.332501 -0.276277 0.002359 -0.003253 0.890589 0.454791
1628250185.005964 29.826584 -29.155844 -0.271847 0.002286 -0.002653 0.897670 0.440655
1628250185.105281 29.696719 -28.991676 -0.270483 0.001898 -0.002378 0.904800 0.425827
1628250185.205639 29.568749 -28.835020 -0.271726 0.001749 -0.001822 0.912092 0.409977
1628250185.305732 29.438936 -28.673138 -0.272965 0.001385 -0.001452 0.919420 0.393271
1628250185.405877 29.303924 -28.517617 -0.270664 0.001923 -0.000934 0.926711 0.375768
1628250185.506081 29.165279 -28.360511 -0.270488 0.001571 -0.000975 0.933525 0.358506
1628250185.606261 29.018737 -28.214523 -0.270848 0.002229 -0.000791 0.938574 0.345069
1628250185.706483 28.864488 -28.084577 -0.272141 0.002184 -0.000811 0.940089 0.340921
1628250185.808766 28.704284 -27.949160 -0.273214 0.001699 -0.002912 0.939041 0.343789
1628250185.906854 28.550592 -27.822153 -0.275640 0.000766 -0.005325 0.935611 0.352991
1628250186.007036 28.389531 -27.690329 -0.276551 -0.000296 -0.007516 0.930564 0.366052
1628250186.107254 28.231349 -27.555513 -0.272043 -0.000451 -0.009398 0.923994 0.382292
1628250186.207439 28.078481 -27.415695 -0.269641 -0.000671 -0.011145 0.916825 0.399133
1628250186.307741 27.921864 -27.271631 -0.267058 -0.000939 -0.012218 0.908560 0.417575
1628250186.407825 27.769717 -27.127631 -0.262569 -0.001126 -0.013014 0.899453 0.436821
1628250186.508036 27.622129 -26.979190 -0.261231 -0.001377 -0.013773 0.889724 0.456290
1628250186.608434 27.477029 -26.827357 -0.261803 -0.001274 -0.014505 0.879414 0.475834
1628250186.711187 27.342183 -26.659536 -0.261092 -0.001887 -0.014634 0.868524 0.495428
1628250186.808630 27.257648 -26.490508 -0.252639 -0.001831 -0.014727 0.862072 0.506568
1628250186.908927 27.151176 -26.320422 -0.249541 -0.002111 -0.013656 0.857391 0.514480
1628250187.008988 27.049832 -26.146407 -0.246476 -0.001728 -0.011786 0.857327 0.514634
1628250187.109705 26.945841 -25.967453 -0.246686 -0.000092 -0.010261 0.860277 0.509723
1628250187.209385 26.839804 -25.788136 -0.247808 0.000126 -0.008590 0.864802 0.502040
1628250187.309579 26.739538 -25.609865 -0.243962 0.000315 -0.006571 0.870504 0.492118
1628250187.409773 26.639619 -25.430557 -0.240781 0.000583 -0.005376 0.876270 0.481791
1628250187.510001 26.528192 -25.256901 -0.241849 0.001488 -0.005446 0.883087 0.469176
1628250187.610166 26.414307 -25.081968 -0.239997 0.001348 -0.004618 0.889931 0.456071
1628250187.712759 26.295650 -24.897012 -0.238495 0.001121 -0.003688 0.897347 0.441310
1628250187.810560 26.174107 -24.728626 -0.240362 0.001520 -0.003325 0.904425 0.426617
1628250187.910746 26.051056 -24.556346 -0.238912 0.001458 -0.002950 0.911615 0.411033
1628250188.010942 25.919131 -24.389068 -0.238162 0.001842 -0.003260 0.918478 0.395454
1628250188.111147 25.783341 -24.227146 -0.236799 0.001502 -0.003203 0.924150 0.382014
1628250188.211356 25.645208 -24.072095 -0.233683 0.001792 -0.003881 0.928515 0.371271
1628250188.311520 25.506154 -23.927800 -0.233013 0.001414 -0.004448 0.930728 0.365683
1628250188.411735 25.353721 -23.786752 -0.234428 0.000752 -0.005130 0.931958 0.362530
1628250188.511925 25.198067 -23.645487 -0.231029 0.000681 -0.006077 0.931946 0.362546
1628250188.612116 25.049501 -23.509667 -0.230718 0.000700 -0.006665 0.931587 0.363457
1628250188.712331 24.897523 -23.374188 -0.227992 0.001553 -0.006769 0.930714 0.365683
1628250188.812514 24.751328 -23.239653 -0.227487 0.001406 -0.007236 0.929752 0.368113
1628250188.912718 24.603977 -23.106200 -0.230297 0.000779 -0.007767 0.928942 0.370143
1628250189.012901 24.451124 -22.973880 -0.232202 -0.000141 -0.006661 0.928449 0.371399
1628250189.114400 24.295530 -22.832144 -0.228894 -0.000247 -0.005865 0.928020 0.372485
1628250189.213297 24.144108 -22.694170 -0.222496 0.000240 -0.006625 0.927592 0.373537
1628250189.313500 23.989159 -22.550574 -0.219047 -0.000370 -0.006911 0.927322 0.374201
1628250189.414582 23.834558 -22.404541 -0.215462 0.000052 -0.006839 0.927117 0.374710
1628250189.513879 23.682362 -22.258696 -0.217440 -0.000574 -0.006753 0.926905 0.375235
1628250189.614094 23.530578 -22.109671 -0.220324 -0.000569 -0.006975 0.926722 0.375682
1628250189.714464 23.375652 -21.962501 -0.221544 -0.000062 -0.006975 0.926623 0.375927
1628250189.814465 23.222957 -21.816542 -0.222779 -0.000122 -0.007233 0.926395 0.376484
1628250189.914658 23.069614 -21.675000 -0.222167 0.000341 -0.006883 0.926259 0.376825
1628250190.014855 22.918617 -21.530745 -0.220490 0.000045 -0.006939 0.926041 0.377360
1628250190.115562 22.766071 -21.386991 -0.220329 0.000630 -0.007404 0.925531 0.378600
1628250190.215587 22.618917 -21.245734 -0.216737 0.000169 -0.007096 0.924951 0.380020
1628250190.315455 22.470295 -21.103951 -0.212919 0.000296 -0.007624 0.924038 0.382225
1628250190.415642 22.315535 -20.962280 -0.210793 0.000543 -0.007208 0.922983 0.384772
1628250190.515868 22.159151 -20.814335 -0.209526 -0.000732 -0.007154 0.921863 0.387449
1628250190.618223 21.998382 -20.666506 -0.211756 -0.001223 -0.006697 0.920733 0.390134
1628250190.716230 21.852231 -20.521244 -0.212457 -0.001066 -0.006389 0.920083 0.391670
1628250190.816422 21.702410 -20.364856 -0.210374 -0.000174 -0.006406 0.919687 0.392599
1628250190.916613 21.552158 -20.215416 -0.206081 -0.000020 -0.006965 0.919193 0.393745
1628250191.016869 21.403399 -20.065148 -0.202940 0.001018 -0.006734 0.919015 0.394164
1628250191.116988 21.253503 -19.912467 -0.199481 0.000946 -0.006332 0.918813 0.394642
1628250191.217195 21.110207 -19.763595 -0.200655 0.000855 -0.006691 0.918450 0.395480
1628250191.317373 20.965947 -19.614823 -0.200855 0.001338 -0.006248 0.918258 0.395931
1628250191.417599 20.816967 -19.459454 -0.202000 0.001243 -0.006534 0.917905 0.396743
1628250191.517775 20.673185 -19.303531 -0.201069 0.000812 -0.005957 0.917824 0.396943
1628250191.617991 20.529952 -19.157696 -0.202767 0.001152 -0.005377 0.917332 0.398085
1628250191.718157 20.385494 -19.011559 -0.201855 0.001984 -0.005701 0.917182 0.398424
1628250191.818352 20.243231 -18.864500 -0.198691 0.001165 -0.005214 0.916884 0.399118
1628250191.918574 20.103763 -18.713416 -0.195479 0.000797 -0.005143 0.916743 0.399445
1628250192.019160 19.958998 -18.562100 -0.192556 0.001334 -0.004590 0.916519 0.399963
1628250192.118935 19.816347 -18.409351 -0.188639 0.000124 -0.003738 0.916317 0.400435
1628250192.221636 19.669255 -18.257380 -0.188202 -0.000428 -0.004166 0.916154 0.400805
1628250192.319153 19.526303 -18.109622 -0.188077 -0.000290 -0.004545 0.915923 0.401327
1628250192.419074 19.376496 -17.956823 -0.186557 0.000095 -0.005008 0.915580 0.402104
1628250192.519000 19.238071 -17.801590 -0.187938 -0.000014 -0.005511 0.915401 0.402506
1628250192.619864 19.089218 -17.645739 -0.190909 -0.000452 -0.005848 0.915153 0.403063
1628250192.721103 18.943016 -17.491222 -0.192082 -0.001509 -0.004999 0.915045 0.403319
1628250192.820297 18.801528 -17.346051 -0.193094 -0.001537 -0.005029 0.914804 0.403865
1628250192.920490 18.659422 -17.193199 -0.189302 -0.000435 -0.005341 0.914602 0.404319
1628250193.023297 18.515623 -17.041440 -0.188748 0.000539 -0.005206 0.914248 0.405122
1628250193.121048 18.379028 -16.889986 -0.181234 0.002304 -0.005729 0.914032 0.405596
1628250193.221087 18.233417 -16.738974 -0.179519 0.003464 -0.006075 0.913945 0.405778
1628250193.321304 18.089367 -16.583700 -0.179971 0.003084 -0.006536 0.913606 0.406536
1628250193.422492 17.947385 -16.424874 -0.176704 0.004420 -0.006299 0.913544 0.406668
1628250193.521784 17.805070 -16.266212 -0.178562 0.008237 -0.006196 0.913246 0.407277
1628250193.621999 17.664494 -16.106114 -0.176326 0.006645 -0.005005 0.913030 0.407807
1628250193.722075 17.518445 -15.948775 -0.173562 0.000844 -0.002137 0.912997 0.407960
1628250193.822274 17.371205 -15.784379 -0.172197 -0.001212 -0.000581 0.913482 0.406876
1628250193.922474 17.224217 -15.625803 -0.165635 -0.001005 -0.000840 0.913210 0.407487
1628250194.022666 17.083095 -15.471888 -0.163126 -0.001056 -0.001817 0.913337 0.407199
1628250194.122859 16.942068 -15.321856 -0.164225 -0.000449 -0.003836 0.913485 0.406855
1628250194.223049 16.805041 -15.173835 -0.161478 0.002208 -0.005394 0.913784 0.406158
1628250194.323241 16.667048 -15.019335 -0.161748 0.004018 -0.005907 0.913836 0.406022
1628250194.423467 16.527771 -14.867349 -0.163320 0.003160 -0.005220 0.913846 0.406015
1628250194.523648 16.384954 -14.710689 -0.159148 0.002454 -0.004953 0.914056 0.405551
1628250194.623845 16.237039 -14.554369 -0.156275 0.000859 -0.004558 0.914143 0.405364
1628250194.724043 16.093806 -14.400624 -0.153789 0.001991 -0.004205 0.914373 0.404846
1628250194.824229 15.950730 -14.246575 -0.153339 0.003708 -0.005384 0.914498 0.404538
1628250194.924465 15.810106 -14.094369 -0.154023 0.003568 -0.005502 0.914796 0.403863
1628250195.024641 15.673283 -13.940958 -0.151347 0.002347 -0.005079 0.914851 0.403752
1628250195.124807 15.533902 -13.786600 -0.147772 0.001972 -0.005575 0.915122 0.403134
1628250195.225044 15.392029 -13.631694 -0.143759 0.002723 -0.006206 0.915156 0.403043
1628250195.325199 15.248709 -13.482618 -0.141431 0.001693 -0.006285 0.915235 0.402868
1628250195.425419 15.105492 -13.333058 -0.141799 0.001246 -0.006050 0.915472 0.402335
1628250195.525591 14.964078 -13.184532 -0.143790 0.000686 -0.005489 0.915792 0.401616
1628250195.625815 14.817638 -13.036997 -0.143356 0.000152 -0.005772 0.915943 0.401267
1628250195.725995 14.671529 -12.886498 -0.141679 0.000676 -0.005826 0.917026 0.398783
1628250195.826188 14.529086 -12.733547 -0.139114 0.001426 -0.006155 0.918565 0.395218
1628250195.926387 14.385466 -12.592704 -0.136587 0.002311 -0.006374 0.921448 0.388442
1628250196.026606 14.240636 -12.448900 -0.138243 0.002078 -0.006132 0.924846 0.380288
1628250196.126774 14.096755 -12.302140 -0.137084 0.001859 -0.005884 0.928867 0.370362
1628250196.226950 13.949396 -12.154485 -0.136179 0.002245 -0.005434 0.933384 0.358832
1628250196.327162 13.805948 -12.001968 -0.130568 0.005041 -0.005762 0.938711 0.344621
1628250196.427349 13.665687 -11.842967 -0.121474 0.009373 -0.006065 0.944280 0.328953
1628250196.527560 13.521442 -11.690789 -0.121536 0.009035 -0.005178 0.950033 0.311976
1628250196.627757 13.358241 -11.546846 -0.124392 0.001768 -0.000873 0.955383 0.295362
1628250196.727972 13.193189 -11.415622 -0.110414 -0.008443 0.002733 0.961165 0.275832
1628250196.828133 13.029124 -11.290872 -0.109350 -0.008822 0.004799 0.967043 0.254414
1628250196.928324 12.866087 -11.180292 -0.114795 -0.002021 0.004137 0.972549 0.232652
1628250197.028562 12.690392 -11.087541 -0.114175 0.000742 0.002799 0.977472 0.211047
1628250197.129748 12.512109 -10.996611 -0.114591 -0.003244 0.002265 0.982144 0.188087
1628250197.228967 12.337697 -10.915635 -0.119743 -0.003605 0.003088 0.986467 0.163893
1628250197.329106 12.161037 -10.835437 -0.123641 -0.002887 0.003504 0.990033 0.140761
1628250197.429304 11.981384 -10.758703 -0.128998 -0.005668 0.004144 0.993077 0.117258
1628250197.530143 11.799969 -10.697950 -0.127982 -0.006183 0.004104 0.995886 0.090306
1628250197.629689 11.619944 -10.648949 -0.123342 -0.005357 0.004366 0.998053 0.061992
1628250197.730122 11.433046 -10.609744 -0.125225 -0.005544 0.004489 0.999478 0.031494
1628250197.830092 11.244503 -10.570809 -0.125943 -0.006130 0.004492 0.999971 -0.000256
1628250197.930470 11.058870 -10.547734 -0.126681 -0.006359 0.005147 0.999402 -0.033610
1628250198.030475 10.862447 -10.549519 -0.132378 -0.005660 0.004952 0.997882 -0.064616
1628250198.130680 10.683015 -10.548986 -0.137992 -0.007564 0.004964 0.995516 -0.094161
1628250198.230905 10.513780 -10.563724 -0.138064 -0.008001 0.003977 0.993306 -0.115163
1628250198.331080 10.348198 -10.593792 -0.130262 -0.009249 0.001395 0.991340 -0.130984
1628250198.431268 10.186299 -10.629581 -0.129834 -0.011026 -0.001405 0.989407 -0.144744
1628250198.531457 10.021987 -10.671901 -0.136911 -0.011503 -0.003070 0.987750 -0.155587
1628250198.631661 9.865900 -10.718289 -0.141796 -0.012052 -0.002931 0.986302 -0.164482
1628250198.731857 9.717086 -10.768696 -0.144595 -0.010666 -0.004110 0.985555 -0.168967
1628250198.832054 9.569081 -10.817956 -0.151193 -0.009038 -0.006123 0.985728 -0.167989
1628250198.932248 9.424697 -10.869738 -0.150570 -0.009912 -0.008845 0.986314 -0.164345
1628250199.032448 9.291322 -10.924754 -0.147823 -0.009769 -0.012714 0.987103 -0.159280
1628250199.132620 9.170480 -10.983454 -0.142044 -0.007203 -0.016493 0.988315 -0.151361
1628250199.232840 9.048112 -11.034639 -0.151685 -0.007520 -0.019013 0.989176 -0.145305
1628250199.333816 8.921830 -11.074480 -0.166540 -0.011300 -0.018085 0.990330 -0.137081
1628250199.434276 8.805654 -11.110300 -0.173171 -0.012583 -0.015843 0.991525 -0.128330
1628250199.533427 8.703534 -11.148283 -0.171708 -0.012420 -0.015141 0.992745 -0.118637
1628250199.633597 8.600758 -11.179929 -0.166933 -0.013300 -0.014999 0.993596 -0.111195
1628250199.734505 8.507989 -11.200209 -0.171503 -0.011625 -0.013111 0.994576 -0.102522
1628250199.836809 8.413622 -11.219119 -0.177626 -0.012328 -0.008411 0.995411 -0.094518
1628250199.934241 8.322094 -11.237536 -0.171979 -0.019079 -0.005845 0.996045 -0.086576
1628250200.034388 8.241106 -11.254293 -0.177772 -0.020117 -0.003282 0.996660 -0.079072
1628250200.134661 8.167414 -11.268110 -0.177850 -0.018969 -0.001191 0.997256 -0.071551
1628250200.234812 8.100683 -11.282156 -0.173095 -0.023153 -0.000289 0.997607 -0.065140
1628250200.334968 8.039002 -11.292640 -0.176070 -0.027125 0.001402 0.997852 -0.059614
1628250200.435180 7.982220 -11.298663 -0.181842 -0.027095 0.003665 0.998153 -0.054258
1628250200.535377 7.931865 -11.308490 -0.183888 -0.024652 0.003345 0.998584 -0.047029
1628250200.635558 7.891464 -11.327795 -0.183090 -0.019881 -0.004083 0.999027 -0.039146
1628250200.735778 7.855122 -11.348448 -0.185602 -0.011776 -0.013704 0.999299 -0.032779
1628250200.835956 7.820084 -11.362696 -0.184694 -0.008784 -0.019657 0.999367 -0.028326
1628250200.936143 7.785819 -11.367769 -0.187260 -0.008978 -0.018787 0.999501 -0.023737
1628250201.036333 7.752911 -11.361726 -0.191754 -0.009075 -0.013699 0.999675 -0.019501
1628250201.136534 7.727213 -11.359760 -0.193819 -0.009841 -0.009634 0.999796 -0.014749
1628250201.237648 7.704232 -11.362572 -0.196410 -0.008372 -0.009457 0.999851 -0.011735
1628250201.336925 7.682694 -11.366232 -0.192755 -0.006335 -0.011661 0.999881 -0.007884
1628250201.440772 7.660295 -11.373480 -0.188676 -0.005949 -0.014550 0.999867 -0.004331
1628250201.537318 7.634267 -11.378298 -0.191276 -0.005980 -0.016337 0.999849 0.000039
1628250201.637519 7.603455 -11.382857 -0.194432 -0.004552 -0.016939 0.999833 0.005088
1628250201.737719 7.572784 -11.385981 -0.197576 -0.002806 -0.017075 0.999807 0.009323
1628250201.837910 7.541040 -11.388172 -0.198861 0.000021 -0.016785 0.999733 0.015881
1628250201.938107 7.505479 -11.385949 -0.202025 0.003380 -0.015682 0.999630 0.021979
1628250202.038506 7.466071 -11.385017 -0.202349 0.004203 -0.014625 0.999465 0.028962
1628250202.138538 7.427668 -11.384406 -0.203363 0.006099 -0.014208 0.999263 0.035123
1628250202.238977 7.386561 -11.390449 -0.205645 0.008533 -0.014284 0.998982 0.041922
1628250202.338884 7.344788 -11.392497 -0.204442 0.006416 -0.014054 0.998658 0.049438
1628250202.439122 7.308669 -11.393414 -0.202125 0.003897 -0.015728 0.998449 0.053259
1628250202.539284 7.283175 -11.397252 -0.200548 0.003740 -0.018175 0.998129 0.058259
1628250202.639467 7.255218 -11.397676 -0.198272 0.004817 -0.019707 0.997818 0.062836
1628250202.739688 7.230585 -11.393214 -0.196198 0.005648 -0.020363 0.997477 0.067778
1628250202.839859 7.208768 -11.394382 -0.195550 0.006527 -0.020177 0.997205 0.071646
1628250202.940086 7.194044 -11.392839 -0.197632 0.007278 -0.019901 0.996926 0.075426
1628250203.040245 7.160819 -11.389269 -0.200338 0.008395 -0.020238 0.996551 0.080037
1628250203.140470 7.122561 -11.394388 -0.200859 0.009714 -0.021598 0.996150 0.084410
1628250203.240647 7.075144 -11.398115 -0.204177 0.010352 -0.024578 0.995710 0.088597
1628250203.340868 7.018264 -11.399598 -0.200417 0.007762 -0.027355 0.995287 0.092708
1628250203.441040 6.960596 -11.394491 -0.201201 0.003403 -0.027509 0.995074 0.095178
1628250203.541233 6.913377 -11.377670 -0.207548 0.000490 -0.024013 0.994853 0.098446
1628250203.641455 6.851553 -11.357408 -0.208683 -0.001494 -0.019465 0.994496 0.102940
1628250203.741756 6.789731 -11.341595 -0.205020 -0.003233 -0.016703 0.994116 0.106977
1628250203.841855 6.726594 -11.333391 -0.200505 -0.004655 -0.016673 0.993505 0.112468
1628250203.942005 6.653837 -11.325887 -0.193859 -0.007012 -0.017315 0.992924 0.117270
1628250204.042192 6.567832 -11.317208 -0.192579 -0.009760 -0.017561 0.992229 0.122793
1628250204.142392 6.472337 -11.304368 -0.193088 -0.011323 -0.017863 0.991416 0.129023
1628250204.242589 6.372486 -11.287062 -0.198037 -0.009850 -0.019195 0.990444 0.136214
1628250204.342913 6.268733 -11.263949 -0.207458 -0.006007 -0.019804 0.989530 0.142836
1628250204.444034 6.161634 -11.231620 -0.213965 -0.001239 -0.018775 0.988624 0.149228
1628250204.543192 6.054418 -11.192513 -0.215573 0.002285 -0.018048 0.987747 0.155001
1628250204.643395 5.932374 -11.155411 -0.215386 0.006011 -0.019262 0.986529 0.162339
1628250204.743610 5.798002 -11.118109 -0.214337 0.006752 -0.022202 0.985855 0.165983
1628250204.843773 5.648007 -11.077900 -0.209915 -0.001815 -0.024413 0.985220 0.169537
1628250204.943949 5.489223 -11.031396 -0.210916 -0.007361 -0.024589 0.985076 0.170197
1628250205.044183 5.335393 -10.981267 -0.217123 -0.003568 -0.021542 0.985366 0.169047
1628250205.144356 5.184590 -10.928525 -0.227026 0.007380 -0.017163 0.985253 0.170079
1628250205.244564 5.021177 -10.876881 -0.217820 0.016296 -0.016251 0.985527 0.167949
1628250205.344729 4.857314 -10.819266 -0.200954 0.010561 -0.011629 0.985800 0.167190
1628250205.444929 4.696539 -10.759790 -0.185028 0.003236 -0.005077 0.985667 0.168596
1628250205.545140 4.532770 -10.703045 -0.202465 0.002888 0.000074 0.985183 0.171481
1628250205.645369 4.361584 -10.647272 -0.226774 0.004915 0.003374 0.985240 0.171074
1628250205.745547 4.184338 -10.590343 -0.225481 0.002883 0.007666 0.984490 0.175248
1628250205.845760 4.016664 -10.531717 -0.202589 0.002402 0.006124 0.984537 0.175055
1628250205.945945 3.848970 -10.471226 -0.184684 0.009974 -0.000546 0.984286 0.176298
1628250206.046136 3.675544 -10.420849 -0.198889 0.014997 -0.007114 0.983507 0.180107
1628250206.146314 3.483668 -10.359056 -0.197721 0.008166 -0.011026 0.983740 0.179072
1628250206.246518 3.293361 -10.290181 -0.179653 -0.007778 -0.011435 0.984294 0.175996
1628250206.346708 3.124724 -10.215724 -0.171492 -0.009881 -0.009191 0.985197 0.170896
1628250206.446905 2.947753 -10.141892 -0.172041 -0.001232 -0.006987 0.985831 0.167594
1628250206.547089 2.772555 -10.081996 -0.196609 0.007355 -0.004863 0.986321 0.164600
1628250206.647299 2.601680 -10.017460 -0.202203 0.009079 -0.003678 0.987241 0.158934
1628250206.747476 2.427211 -9.953368 -0.187009 0.001239 -0.001354 0.987448 0.157937
1628250206.847717 2.245386 -9.889642 -0.174050 -0.004657 -0.000085 0.988135 0.153515
1628250206.947911 2.051817 -9.831235 -0.182207 -0.002794 -0.002706 0.988309 0.152416
1628250207.048080 1.855602 -9.779629 -0.197222 -0.002753 -0.005134 0.988632 0.150243
1628250207.148268 1.692715 -9.727342 -0.191755 -0.000469 -0.007685 0.989324 0.145529
1628250207.248473 1.513811 -9.668669 -0.166850 0.001753 -0.011731 0.990002 0.140553
1628250207.348678 1.322703 -9.614157 -0.187297 0.002845 -0.014113 0.990527 0.136561
1628250207.449060 1.130899 -9.558569 -0.199181 0.002976 -0.014098 0.991457 0.129637
1628250207.549081 0.970805 -9.518294 -0.176729 -0.008072 -0.011780 0.991845 0.126645
1628250207.649252 0.805608 -9.470183 -0.177489 -0.007748 -0.010148 0.992331 0.122944
1628250207.749433 0.658751 -9.430635 -0.188175 -0.001069 -0.011058 0.992441 0.122216
1628250207.849618 0.518381 -9.396448 -0.191487 0.002002 -0.008886 0.992351 0.123108
1628250207.949829 0.385043 -9.355108 -0.183019 -0.004226 -0.006732 0.992399 0.122807
1628250208.050026 0.272354 -9.315575 -0.170532 -0.017059 -0.001890 0.992870 0.117961
1628250208.150362 0.171749 -9.286261 -0.160035 -0.026983 -0.000496 0.992494 0.119276
1628250208.250579 0.097064 -9.269994 -0.166395 -0.030455 -0.001649 0.992669 0.116951
1628250208.350626 0.051829 -9.263910 -0.172422 -0.026391 -0.006256 0.992621 0.118188
1628250208.450857 0.032378 -9.268494 -0.176889 -0.022345 -0.011726 0.992801 0.117084
1628250208.551003 0.029686 -9.273164 -0.183407 -0.018392 -0.014672 0.992765 0.117743
1628250208.651200 0.036504 -9.275649 -0.185297 -0.013161 -0.015192 0.992878 0.117431
1628250208.751402 0.045359 -9.277881 -0.179100 -0.012032 -0.013698 0.992859 0.117894
1628250208.851626 0.051457 -9.277279 -0.178973 -0.011766 -0.012399 0.992898 0.117737
1628250208.951816 0.056686 -9.279133 -0.180200 -0.011195 -0.012429 0.992891 0.117843
1628250209.052030 0.054715 -9.283216 -0.179068 -0.011015 -0.013352 0.992882 0.117834
1628250209.152164 0.061143 -9.287784 -0.176327 -0.011171 -0.014476 0.992900 0.117536
1628250209.252355 0.066809 -9.288830 -0.178747 -0.010966 -0.014523 0.992888 0.117655
1628250209.352595 0.070677 -9.288246 -0.179222 -0.011017 -0.014481 0.992861 0.117878
1628250209.452749 0.075061 -9.287818 -0.180205 -0.010730 -0.014514 0.992861 0.117906
1628250209.552969 0.075273 -9.282510 -0.181011 -0.010754 -0.014461 0.992875 0.117794
1628250209.653635 0.073574 -9.284924 -0.181642 -0.011065 -0.014404 0.992861 0.117884
1628250209.753331 0.072200 -9.283643 -0.181251 -0.010873 -0.014286 0.992869 0.117847
1628250209.853533 0.067414 -9.282220 -0.180562 -0.010809 -0.014308 0.992873 0.117818
1628250209.953733 0.065950 -9.283688 -0.180998 -0.010867 -0.014460 0.992883 0.117714
1628250210.054611 0.065109 -9.283391 -0.179482 -0.010947 -0.014629 0.992865 0.117836
1628250210.154145 0.064353 -9.282288 -0.178866 -0.010753 -0.014363 0.992867 0.117866
1628250210.254356 0.067142 -9.284968 -0.179264 -0.010945 -0.014237 0.992867 0.117871
1628250210.354502 0.068647 -9.288915 -0.179808 -0.010732 -0.014507 0.992890 0.117656
1628250210.454750 0.065227 -9.289193 -0.179936 -0.010966 -0.014478 0.992873 0.117784
1628250210.554910 0.065600 -9.290034 -0.179997 -0.010820 -0.014455 0.992874 0.117795
1628250210.655095 0.067277 -9.289145 -0.179697 -0.010981 -0.014359 0.992863 0.117882
1628250210.755155 0.066837 -9.287003 -0.180852 -0.010891 -0.014347 0.992887 0.117687
1628250210.855208 0.067350 -9.289012 -0.180856 -0.010873 -0.014538 0.992883 0.117701
1628250210.955113 0.065669 -9.283608 -0.180486 -0.010813 -0.014424 0.992867 0.117854
1628250211.055704 0.064515 -9.281845 -0.180991 -0.010813 -0.014492 0.992869 0.117832
1628250211.155631 0.064413 -9.279084 -0.180836 -0.010839 -0.014518 0.992858 0.117915
1628250211.255342 0.064079 -9.282285 -0.180846 -0.010925 -0.014522 0.992898 0.117568
1628250211.355128 0.067109 -9.283746 -0.181374 -0.010956 -0.014478 0.992878 0.117745
1628250211.456711 0.071623 -9.285828 -0.181247 -0.010817 -0.014617 0.992872 0.117787
1628250211.556836 0.073612 -9.282533 -0.181801 -0.010915 -0.014683 0.992867 0.117818
1628250211.657055 0.073507 -9.283961 -0.181765 -0.010910 -0.014464 0.992885 0.117693
1628250211.757254 0.075655 -9.285675 -0.181721 -0.010876 -0.014603 0.992895 0.117592
1628250211.857431 0.074811 -9.284868 -0.183338 -0.010910 -0.014596 0.992871 0.117796
1628250211.957930 0.073407 -9.282025 -0.182034 -0.010843 -0.014582 0.992892 0.117623
1628250212.057843 0.071819 -9.281565 -0.181781 -0.010848 -0.014597 0.992880 0.117720
1628250212.158046 0.068779 -9.277904 -0.181273 -0.010965 -0.014664 0.992861 0.117864
1628250212.258220 0.064164 -9.273393 -0.180056 -0.010920 -0.014579 0.992863 0.117859
1628250212.360763 0.063285 -9.274486 -0.179304 -0.010896 -0.014546 0.992867 0.117832
1628250212.460866 0.064112 -9.277279 -0.179386 -0.010875 -0.014582 0.992870 0.117802
1628250212.558824 0.065085 -9.279970 -0.180652 -0.010736 -0.014515 0.992882 0.117729
1628250212.658999 0.064513 -9.281712 -0.180559 -0.010897 -0.014547 0.992880 0.117720
1628250212.759199 0.066476 -9.285740 -0.180378 -0.010766 -0.014559 0.992888 0.117670
1628250212.859394 0.069617 -9.287664 -0.180309 -0.010790 -0.014586 0.992871 0.117805
1628250212.959583 0.069091 -9.285830 -0.179341 -0.010806 -0.014506 0.992880 0.117740
1628250213.060751 0.070339 -9.284075 -0.179089 -0.010875 -0.014582 0.992900 0.117557
1628250213.159973 0.071833 -9.283817 -0.178115 -0.010810 -0.014547 0.992889 0.117654
1628250213.260198 0.073227 -9.284544 -0.179431 -0.010825 -0.014501 0.992894 0.117619
1628250213.360372 0.074777 -9.287139 -0.181225 -0.010874 -0.014516 0.992882 0.117717
1628250213.460580 0.073296 -9.291214 -0.181976 -0.010676 -0.014640 0.992879 0.117737
1628250213.560769 0.069660 -9.293645 -0.182565 -0.010817 -0.014529 0.992889 0.117658
1628250213.664775 0.067115 -9.292362 -0.182197 -0.010955 -0.014638 0.992863 0.117849
1628250213.764734 0.066379 -9.289681 -0.182892 -0.010839 -0.014579 0.992884 0.117690
1628250213.862495 0.070103 -9.289351 -0.183438 -0.010894 -0.014561 0.992871 0.117801
1628250213.961560 0.071732 -9.287334 -0.182994 -0.010852 -0.014539 0.992875 0.117769
1628250214.061732 0.071036 -9.286669 -0.181935 -0.010869 -0.014552 0.992885 0.117688
1628250214.161953 0.070363 -9.286451 -0.180400 -0.010810 -0.014614 0.992891 0.117631
1628250214.262226 0.072686 -9.286380 -0.178959 -0.010661 -0.014663 0.992889 0.117659
1628250214.362866 0.072065 -9.281466 -0.178908 -0.010911 -0.014660 0.992878 0.117728
1628250214.462515 0.071956 -9.280038 -0.180224 -0.010908 -0.014544 0.992864 0.117857
1628250214.562736 0.072282 -9.277741 -0.181249 -0.010902 -0.014638 0.992870 0.117797
1628250214.663316 0.067454 -9.279505 -0.181275 -0.010808 -0.014644 0.992895 0.117590
1628250214.763138 0.066169 -9.283580 -0.181044 -0.010898 -0.014532 0.992879 0.117738
1628250214.864300 0.063437 -9.283243 -0.180832 -0.010729 -0.014731 0.992879 0.117724
1628250214.964756 0.066559 -9.285252 -0.181477 -0.010819 -0.014590 0.992868 0.117826
1628250215.063770 0.070523 -9.289131 -0.181399 -0.010703 -0.014656 0.992877 0.117754
1628250215.165612 0.075707 -9.293108 -0.182120 -0.010930 -0.014641 0.992878 0.117724
1628250215.264287 0.074889 -9.290276 -0.182271 -0.010815 -0.014588 0.992897 0.117582
1628250215.364277 0.076069 -9.289636 -0.180840 -0.010923 -0.014724 0.992884 0.117669
1628250215.466203 0.074887 -9.288477 -0.180640 -0.010876 -0.014546 0.992884 0.117690
1628250215.564691 0.073530 -9.285484 -0.180542 -0.010906 -0.014612 0.992889 0.117642
1628250215.664871 0.075092 -9.284622 -0.181198 -0.010954 -0.014682 0.992882 0.117689
1628250215.765055 0.076048 -9.284875 -0.181703 -0.010789 -0.014641 0.992866 0.117843
1628250215.865250 0.074650 -9.283821 -0.183249 -0.010863 -0.014602 0.992870 0.117801
1628250215.965466 0.073831 -9.282427 -0.182751 -0.010857 -0.014612 0.992879 0.117727
1628250216.065639 0.071075 -9.283482 -0.180694 -0.010773 -0.014630 0.992902 0.117540
1628250216.165840 0.070303 -9.285378 -0.179891 -0.010869 -0.014589 0.992869 0.117812
1628250216.266055 0.069184 -9.286768 -0.179744 -0.010940 -0.014814 0.992870 0.117774
1628250216.366223 0.068085 -9.286628 -0.180335 -0.010879 -0.014687 0.992870 0.117794
1628250216.466445 0.070355 -9.287417 -0.181243 -0.010869 -0.014734 0.992873 0.117760
1628250216.566633 0.068888 -9.287688 -0.182379 -0.010790 -0.014677 0.992876 0.117755
1628250216.666817 0.070456 -9.285929 -0.182498 -0.010782 -0.014708 0.992885 0.117674
1628250216.767006 0.071441 -9.283884 -0.183124 -0.010917 -0.014737 0.992886 0.117644
1628250216.867235 0.069733 -9.283479 -0.182256 -0.010880 -0.014748 0.992880 0.117701
1628250216.967413 0.070025 -9.281707 -0.180237 -0.010946 -0.014660 0.992874 0.117754
1628250217.067631 0.072951 -9.280077 -0.180563 -0.010906 -0.014787 0.992866 0.117811
1628250217.167788 0.071004 -9.277474 -0.181568 -0.010962 -0.014713 0.992870 0.117781
1628250217.268048 0.072894 -9.277752 -0.180861 -0.010924 -0.014720 0.992860 0.117869
1628250217.368265 0.073984 -9.279690 -0.180174 -0.010871 -0.014795 0.992876 0.117725
1628250217.468387 0.075282 -9.283108 -0.181139 -0.010934 -0.014639 0.992871 0.117783
1628250217.568574 0.075625 -9.288825 -0.180788 -0.011067 -0.014706 0.992871 0.117761
1628250217.668769 0.076879 -9.287996 -0.181127 -0.010849 -0.014701 0.992871 0.117782
1628250217.768976 0.079783 -9.286815 -0.181207 -0.010755 -0.014675 0.992876 0.117757
1628250217.869169 0.078905 -9.285851 -0.181001 -0.010946 -0.014642 0.992872 0.117779
1628250217.969367 0.080085 -9.283750 -0.181109 -0.010863 -0.014781 0.992873 0.117755
1628250218.070527 0.076472 -9.281946 -0.181485 -0.010808 -0.014664 0.992894 0.117599
1628250218.169764 0.068281 -9.280991 -0.180754 -0.010963 -0.014629 0.992876 0.117745
1628250218.270023 0.067495 -9.281591 -0.181065 -0.010782 -0.014704 0.992875 0.117759
1628250218.370222 0.065378 -9.282703 -0.182157 -0.010812 -0.014617 0.992878 0.117739
1628250218.470337 0.067465 -9.283558 -0.182131 -0.010748 -0.014625 0.992887 0.117669
1628250218.570534 0.070764 -9.280034 -0.182442 -0.010814 -0.014591 0.992885 0.117685
1628250218.670744 0.072536 -9.279936 -0.181994 -0.010769 -0.014706 0.992901 0.117541
1628250218.771008 0.070863 -9.279285 -0.182316 -0.010788 -0.014691 0.992883 0.117690
1628250218.872754 0.070194 -9.282009 -0.180743 -0.010879 -0.014684 0.992882 0.117688
1628250218.971363 0.071509 -9.283666 -0.180196 -0.010869 -0.014709 0.992890 0.117623
1628250219.071517 0.073335 -9.285062 -0.180717 -0.010884 -0.014746 0.992900 0.117533
1628250219.171699 0.070854 -9.284569 -0.180819 -0.010876 -0.014744 0.992874 0.117753
1628250219.271905 0.070562 -9.284437 -0.181212 -0.010764 -0.014482 0.992869 0.117834
1628250219.372094 0.068266 -9.282830 -0.181948 -0.010788 -0.014632 0.992887 0.117662
1628250219.472282 0.066983 -9.284174 -0.182771 -0.010651 -0.014546 0.992870 0.117833
1628250219.572492 0.067834 -9.284548 -0.180975 -0.010773 -0.014633 0.992883 0.117702
1628250219.672703 0.066771 -9.283915 -0.181307 -0.010870 -0.014689 0.992896 0.117573
1628250219.772895 0.066732 -9.282766 -0.180157 -0.010776 -0.014576 0.992871 0.117804
1628250219.873070 0.069175 -9.285802 -0.179636 -0.010837 -0.014678 0.992878 0.117731
1628250219.973279 0.068381 -9.286064 -0.180476 -0.010722 -0.014619 0.992886 0.117678
1628250220.073454 0.068968 -9.284957 -0.180928 -0.010826 -0.014796 0.992874 0.117754
1628250220.173679 0.072299 -9.284273 -0.181050 -0.010916 -0.014731 0.992871 0.117773
1628250220.273848 0.071283 -9.280987 -0.180795 -0.010983 -0.014937 0.992866 0.117782
1628250220.374398 0.070538 -9.280173 -0.180078 -0.011047 -0.015068 0.992885 0.117602
1628250220.474414 0.068752 -9.283285 -0.180233 -0.010623 -0.015142 0.992892 0.117572
1628250220.574544 0.065331 -9.282618 -0.180450 -0.010536 -0.014624 0.992902 0.117562
1628250220.674629 0.061810 -9.283240 -0.180557 -0.010726 -0.014445 0.992869 0.117846
1628250220.774841 0.061380 -9.283814 -0.181991 -0.010826 -0.014818 0.992884 0.117660
1628250220.875026 0.057363 -9.282790 -0.180650 -0.010728 -0.014893 0.992878 0.117710
1628250220.975228 0.058221 -9.282178 -0.179890 -0.010631 -0.014885 0.992869 0.117796
1628250221.075430 0.062391 -9.281986 -0.179459 -0.010758 -0.014595 0.992893 0.117623
1628250221.176105 0.061229 -9.278389 -0.179542 -0.010884 -0.014865 0.992883 0.117656
1628250221.275818 0.063461 -9.276004 -0.179480 -0.010682 -0.014914 0.992857 0.117892
1628250221.375998 0.066571 -9.280824 -0.179147 -0.010828 -0.014869 0.992873 0.117746
1628250221.476204 0.070048 -9.280837 -0.180949 -0.010719 -0.014686 0.992871 0.117801
1628250221.576397 0.072780 -9.285768 -0.182256 -0.010844 -0.014709 0.992889 0.117632
1628250221.676606 0.071645 -9.286976 -0.183033 -0.010805 -0.014810 0.992893 0.117592
1628250221.776804 0.069191 -9.284771 -0.182364 -0.010801 -0.014662 0.992863 0.117861
1628250221.876976 0.067910 -9.282572 -0.180290 -0.010745 -0.014766 0.992905 0.117499
1628250221.977208 0.068169 -9.282994 -0.180353 -0.010864 -0.014731 0.992857 0.117900
1628250222.077373 0.068448 -9.283462 -0.179364 -0.010688 -0.014728 0.992873 0.117783
1628250222.177566 0.070870 -9.283498 -0.180533 -0.010746 -0.014715 0.992877 0.117739
1628250222.277782 0.072527 -9.286843 -0.180609 -0.010749 -0.014814 0.992883 0.117680
1628250222.377965 0.070241 -9.287035 -0.181244 -0.010757 -0.014771 0.992876 0.117745
1628250222.478162 0.068365 -9.286924 -0.181244 -0.010820 -0.014847 0.992866 0.117812
1628250222.578359 0.066688 -9.284792 -0.181693 -0.010762 -0.014788 0.992875 0.117749
1628250222.678542 0.069537 -9.284423 -0.180629 -0.010816 -0.014743 0.992863 0.117853
1628250222.778740 0.071015 -9.283129 -0.182040 -0.010712 -0.014741 0.992879 0.117728
1628250222.878920 0.070878 -9.285165 -0.181241 -0.010820 -0.014771 0.992891 0.117609
1628250222.979130 0.071128 -9.285165 -0.180836 -0.010760 -0.014706 0.992869 0.117813
1628250223.079325 0.070229 -9.285090 -0.180872 -0.010676 -0.014846 0.992881 0.117701
1628250223.179508 0.069368 -9.285063 -0.180868 -0.010697 -0.014836 0.992878 0.117721
1628250223.279741 0.070725 -9.282920 -0.181064 -0.010786 -0.014722 0.992864 0.117845
1628250223.379924 0.071494 -9.284083 -0.182158 -0.010749 -0.014752 0.992866 0.117826
1628250223.480103 0.067507 -9.282742 -0.180803 -0.010809 -0.014746 0.992857 0.117904
1628250223.580318 0.069658 -9.282819 -0.180134 -0.010777 -0.014845 0.992881 0.117691
1628250223.680496 0.071002 -9.281075 -0.179754 -0.010931 -0.014764 0.992851 0.117940
1628250223.780686 0.069131 -9.280874 -0.180204 -0.010767 -0.014963 0.992860 0.117852
1628250223.880896 0.064893 -9.280546 -0.180093 -0.010974 -0.015006 0.992862 0.117815
1628250223.981142 0.065464 -9.285368 -0.179598 -0.010881 -0.014939 0.992863 0.117821
1628250224.081278 0.063948 -9.286577 -0.179675 -0.010892 -0.014851 0.992867 0.117800
1628250224.181482 0.066569 -9.290121 -0.180341 -0.010901 -0.014759 0.992849 0.117958
1628250224.281677 0.066376 -9.289271 -0.180318 -0.011097 -0.014878 0.992874 0.117717
1628250224.381844 0.068451 -9.288450 -0.180026 -0.010889 -0.015062 0.992845 0.117955
1628250224.482070 0.067891 -9.286552 -0.179633 -0.010996 -0.015008 0.992892 0.117557
1628250224.582242 0.070342 -9.288059 -0.179166 -0.010934 -0.014846 0.992873 0.117740
1628250224.682464 0.073114 -9.290163 -0.179192 -0.011009 -0.014843 0.992864 0.117811
1628250224.782649 0.077777 -9.290271 -0.180057 -0.011061 -0.014872 0.992845 0.117964
1628250224.882651 0.076681 -9.290537 -0.181200 -0.010869 -0.014905 0.992883 0.117658
1628250224.982613 0.075422 -9.287530 -0.181259 -0.010796 -0.014777 0.992864 0.117843
1628250225.082775 0.077536 -9.288043 -0.180888 -0.010803 -0.014727 0.992873 0.117765
1628250225.182583 0.073528 -9.282447 -0.181376 -0.010618 -0.014600 0.992893 0.117635
1628250225.282727 0.069031 -9.279247 -0.182810 -0.010868 -0.015037 0.992866 0.117785
1628250225.382724 0.064661 -9.279262 -0.182574 -0.010793 -0.014932 0.992874 0.117736
1628250225.482713 0.064208 -9.279293 -0.182433 -0.010802 -0.014735 0.992902 0.117527
1628250225.584185 0.063436 -9.279311 -0.181901 -0.010803 -0.014832 0.992870 0.117779
1628250225.684410 0.062163 -9.280875 -0.181385 -0.010861 -0.014988 0.992867 0.117780
1628250225.784591 0.064300 -9.279580 -0.180013 -0.010778 -0.014849 0.992891 0.117606
1628250225.884778 0.066593 -9.281740 -0.177859 -0.010797 -0.014947 0.992862 0.117833
1628250225.984964 0.070140 -9.282675 -0.178501 -0.010781 -0.014909 0.992872 0.117759
1628250226.085241 0.073317 -9.282473 -0.179385 -0.010928 -0.015011 0.992875 0.117701
1628250226.185386 0.073227 -9.286967 -0.179849 -0.010799 -0.014902 0.992852 0.117926
1628250226.285565 0.072717 -9.292117 -0.180960 -0.010834 -0.014755 0.992859 0.117883
1628250226.385770 0.073225 -9.290025 -0.180254 -0.010736 -0.014844 0.992883 0.117675
1628250226.486045 0.071542 -9.287632 -0.181642 -0.010912 -0.014893 0.992896 0.117548
1628250226.586172 0.070219 -9.285615 -0.182303 -0.010685 -0.014750 0.992882 0.117703
1628250226.686685 0.067727 -9.286366 -0.182307 -0.010895 -0.014773 0.992874 0.117745
1628250226.786554 0.068133 -9.283803 -0.181683 -0.010707 -0.014846 0.992862 0.117857
1628250226.886753 0.063578 -9.277944 -0.181133 -0.010875 -0.014748 0.992860 0.117872
1628250226.986968 0.061295 -9.277244 -0.181296 -0.010844 -0.014686 0.992852 0.117945
1628250227.087404 0.065688 -9.277050 -0.181708 -0.010795 -0.014786 0.992878 0.117723
1628250227.187362 0.065353 -9.278686 -0.180479 -0.010821 -0.014887 0.992869 0.117779
1628250227.287541 0.066906 -9.279220 -0.179683 -0.010701 -0.014796 0.992858 0.117899
1628250227.387719 0.066802 -9.280274 -0.179935 -0.010653 -0.014697 0.992852 0.117968
1628250227.488207 0.068555 -9.282170 -0.180794 -0.010867 -0.014812 0.992884 0.117661
1628250227.588291 0.071877 -9.283692 -0.181032 -0.010885 -0.014826 0.992862 0.117845
1628250227.688430 0.074532 -9.283278 -0.180181 -0.010853 -0.014945 0.992858 0.117865
1628250227.788509 0.079527 -9.286087 -0.179616 -0.010847 -0.014857 0.992888 0.117621
1628250227.888982 0.080544 -9.288882 -0.181404 -0.010869 -0.014777 0.992907 0.117473
1628250227.988902 0.079241 -9.292587 -0.179716 -0.010995 -0.014688 0.992900 0.117525
1628250228.089098 0.077511 -9.292781 -0.181169 -0.010725 -0.014462 0.992878 0.117768
1628250228.189281 0.076889 -9.291077 -0.180894 -0.010902 -0.014592 0.992914 0.117429
1628250228.289516 0.070163 -9.286608 -0.181612 -0.010899 -0.014576 0.992881 0.117709
1628250228.389669 0.066990 -9.285773 -0.181438 -0.010768 -0.014481 0.992905 0.117532
1628250228.491147 0.064302 -9.281277 -0.180611 -0.010566 -0.014578 0.992900 0.117580
1628250228.590061 0.064135 -9.279416 -0.181092 -0.010727 -0.014486 0.992883 0.117721
1628250228.690258 0.068879 -9.281649 -0.179979 -0.010696 -0.014553 0.992895 0.117614
1628250228.790507 0.069596 -9.278876 -0.179391 -0.010623 -0.014434 0.992904 0.117559
1628250228.890649 0.070066 -9.276721 -0.180730 -0.010685 -0.014561 0.992871 0.117820
1628250228.990858 0.071747 -9.278084 -0.180665 -0.010613 -0.014517 0.992878 0.117767
1628250229.091037 0.069828 -9.280994 -0.180306 -0.010521 -0.014481 0.992909 0.117525
1628250229.191234 0.067645 -9.282098 -0.179763 -0.010540 -0.014384 0.992892 0.117679
1628250229.291457 0.067273 -9.280444 -0.181183 -0.010430 -0.014364 0.992880 0.117789
1628250229.391629 0.064564 -9.280210 -0.181149 -0.010622 -0.014480 0.992889 0.117680
1628250229.491840 0.063675 -9.275925 -0.181631 -0.010525 -0.014476 0.992899 0.117608
1628250229.592016 0.065404 -9.275272 -0.180658 -0.010517 -0.014492 0.992897 0.117626
1628250229.692201 0.066291 -9.276835 -0.180209 -0.010508 -0.014579 0.992877 0.117784
1628250229.792428 0.070279 -9.279983 -0.179209 -0.010365 -0.014439 0.992899 0.117626
1628250229.892603 0.072074 -9.281687 -0.178850 -0.010450 -0.014382 0.992896 0.117652
1628250229.992795 0.075664 -9.286463 -0.180952 -0.010670 -0.014401 0.992892 0.117661
1628250230.093129 0.076545 -9.288491 -0.181027 -0.010468 -0.014527 0.992902 0.117580
1628250230.193189 0.075504 -9.291101 -0.182403 -0.010486 -0.014402 0.992924 0.117411
1628250230.293402 0.070881 -9.287094 -0.183410 -0.010479 -0.014354 0.992906 0.117567
1628250230.393576 0.071870 -9.283843 -0.181236 -0.010499 -0.014414 0.992900 0.117607
1628250230.495754 0.069251 -9.280012 -0.179145 -0.010429 -0.014453 0.992918 0.117458
1628250230.594310 0.067349 -9.280892 -0.178935 -0.010397 -0.014316 0.992906 0.117578
1628250230.694388 0.066358 -9.279500 -0.179419 -0.010451 -0.014405 0.992868 0.117882
1628250230.794384 0.070462 -9.279623 -0.180419 -0.010333 -0.014485 0.992909 0.117534
1628250230.894567 0.075154 -9.280217 -0.181811 -0.010268 -0.014374 0.992887 0.117745
1628250230.994755 0.078217 -9.284037 -0.182761 -0.010394 -0.014323 0.992921 0.117454
1628250231.094946 0.080676 -9.286857 -0.182864 -0.010397 -0.014331 0.992925 0.117417
1628250231.195148 0.078777 -9.291327 -0.181366 -0.010437 -0.014372 0.992914 0.117501
1628250231.295350 0.080729 -9.292591 -0.180837 -0.010442 -0.014326 0.992910 0.117538
